product_id,ingredient_id,quantity_per_unit
P001,ING011,0.1
P001,ING026,0.008
P001,ING028,0.012
P001,ING029,0.003
P002,ING011,0.12
P002,ING027,0.008
P002,ING028,0.012
P003,ING013,0.2
P003,ING028,0.025
P003,ING011,0.05
P003,ING029,0.002
P004,ING010,0.05
P004,ING028,0.02
P004,ING029,0.003
P005,ING001,0.07
P005,ING019,0.04
P005,ING025,0.02
P005,ING004,0.005
P005,ING029,0.004
P005,ING006,0.003
P006,ING001,0.06
P006,ING031,0.167
P006,ING025,0.015
P006,ING004,0.004
P006,ING005,0.003
P006,ING029,0.004
P007,ING020,0.08
P007,ING002,0.03
P007,ING001,0.02
P007,ING025,0.01
P007,ING004,0.003
P007,ING010,0.01
P007,ING029,0.002
P008,ING016,0.08
P008,ING024,0.025
P008,ING001,0.06
P008,ING002,0.02
P008,ING025,0.015
P008,ING029,0.004
P009,ING016,0.08
P009,ING024,0.025
P009,ING021,0.03
P009,ING003,0.02
P009,ING002,0.02
P009,ING029,0.005
P010,ING023,0.08
P010,ING019,0.08
P010,ING002,0.04
P010,ING003,0.04
P010,ING025,0.03
P010,ING005,0.005
P010,ING029,0.006
P011,ING032,0.125
P011,ING001,0.05
P011,ING025,0.02
P011,ING029,0.004
P011,ING004,0.003
P012,ING016,0.1
P012,ING018,0.06
P012,ING021,0.04
P012,ING001,0.05
P012,ING002,0.03
P012,ING003,0.03
P012,ING025,0.015
P012,ING013,0.05
P013,ING022,0.07
P013,ING016,0.1
P013,ING002,0.04
P013,ING003,0.04
P013,ING025,0.015
P013,ING005,0.005
P013,ING029,0.005
P014,ING016,0.08
P014,ING021,0.04
P014,ING002,0.02
P014,ING003,0.02
P014,ING014,0.01
P014,ING029,0.004
P015,ING012,0.12
P015,ING014,0.025
P015,ING003,0.06
P015,ING002,0.04
P015,ING005,0.006
P015,ING011,0.03
P015,ING029,0.006
P016,ING012,0.08
P016,ING017,0.1
P016,ING002,0.03
P016,ING009,0.02
P016,ING007,0.02
P016,ING014,0.015
P016,ING029,0.005
P017,ING017,0.12
P017,ING001,0.04
P017,ING009,0.03
P017,ING002,0.04
P017,ING013,0.03
P017,ING025,0.015
P017,ING029,0.008
P017,ING006,0.005
P018,ING016,0.1
P018,ING007,0.025
P018,ING008,0.025
P018,ING009,0.02
P018,ING002,0.02
P018,ING025,0.015
P018,ING029,0.004
P019,ING030,0.25
P019,ING001,0.06
P019,ING002,0.02
P019,ING003,0.02
P019,ING025,0.015
P019,ING029,0.004
P020,ING030,0.25
P020,ING001,0.05
P020,ING015,1.0
P020,ING002,0.015
P020,ING003,0.015
P020,ING025,0.01
P021,ING018,0.06
P021,ING012,0.06
P021,ING002,0.025
P021,ING007,0.02
P021,ING025,0.015
P021,ING029,0.005
P022,ING001,0.05
P022,ING009,0.02
P022,ING008,0.02
P022,ING032,0.08
P022,ING025,0.02
P022,ING029,0.004
