date,waste_type,item_id,quantity,unit,reason,waste_cost
2026-01-01,Raw Material,ING004,1.67,kg,Spoilage,100.2
2026-01-01,Raw Material,ING013,1.34,kg,Spoilage,80.4
2026-01-01,Raw Material,ING006,0.76,kg,Spoilage,38.0
2026-01-01,Prepared Food,P021,8.0,pcs,Unsold,192.0
2026-01-01,Prepared Food,P007,2.0,pcs,Unsold,18.4
2026-01-01,Prepared Food,P018,2.0,portions,Unsold,42.0
2026-01-01,Prepared Food,P013,2.0,portions,Leftover,41.0
2026-01-01,Prepared Food,P016,3.0,portions,Unsold,82.5
2026-01-02,Raw Material,ING004,1.72,kg,Spoilage,103.2
2026-01-02,Raw Material,ING010,1.29,kg,Spoilage,103.2
2026-01-02,Raw Material,ING013,0.32,kg,Spoilage,19.2
2026-01-02,Raw Material,ING032,3.0,pkt,Spoilage,105.0
2026-01-02,Raw Material,ING007,0.75,kg,Spoilage,52.5
2026-01-02,Prepared Food,P021,5.0,pcs,Leftover,120.0
2026-01-02,Prepared Food,P007,7.0,pcs,Leftover,64.4
2026-01-02,Prepared Food,P013,7.0,portions,Unsold,143.5
2026-01-03,Raw Material,ING013,0.68,kg,Spoilage,40.8
2026-01-03,Raw Material,ING011,1.5,L,Spoilage,84.0
2026-01-03,Raw Material,ING031,1.0,pkt,Spoilage,30.0
2026-01-03,Raw Material,ING003,0.93,kg,Spoilage,27.9
2026-01-03,Prepared Food,P020,5.0,pcs,Unsold,117.5
2026-01-03,Prepared Food,P022,5.0,pcs,Unsold,45.0
2026-01-03,Prepared Food,P015,5.0,portions,Unsold,175.0
2026-01-04,Raw Material,ING004,0.98,kg,Spoilage,58.8
2026-01-04,Raw Material,ING032,3.0,pkt,Spoilage,105.0
2026-01-04,Raw Material,ING007,0.81,kg,Spoilage,56.7
2026-01-04,Raw Material,ING031,2.0,pkt,Spoilage,60.0
2026-01-04,Prepared Food,P005,6.0,pcs,Unsold,37.2
2026-01-04,Prepared Food,P007,2.0,pcs,Leftover,18.4
2026-01-04,Prepared Food,P014,7.0,portions,Unsold,112.0
2026-01-04,Prepared Food,P016,6.0,portions,Unsold,165.0
2026-01-04,Prepared Food,P015,6.0,portions,Unsold,210.0
2026-01-05,Raw Material,ING030,3.0,pkt,Spoilage,105.0
2026-01-05,Raw Material,ING006,1.15,kg,Spoilage,57.5
2026-01-05,Raw Material,ING013,1.5,kg,Spoilage,90.0
2026-01-05,Raw Material,ING010,1.1,kg,Spoilage,88.0
2026-01-05,Prepared Food,P005,7.0,pcs,Unsold,43.4
2026-01-05,Prepared Food,P007,3.0,pcs,Leftover,27.6
2026-01-05,Prepared Food,P016,4.0,portions,Leftover,110.0
2026-01-06,Raw Material,ING010,0.94,kg,Spoilage,75.2
2026-01-06,Raw Material,ING031,1.0,pkt,Spoilage,30.0
2026-01-06,Raw Material,ING011,1.03,L,Expiry,57.68
2026-01-06,Prepared Food,P005,8.0,pcs,Unsold,49.6
2026-01-06,Prepared Food,P011,2.0,pcs,Leftover,15.0
2026-01-06,Prepared Food,P018,3.0,portions,Leftover,63.0
2026-01-07,Raw Material,ING032,1.0,pkt,Spoilage,35.0
2026-01-07,Raw Material,ING031,3.0,pkt,Spoilage,90.0
2026-01-07,Raw Material,ING013,1.72,kg,Spoilage,103.2
2026-01-07,Prepared Food,P006,7.0,pcs,Unsold,56.7
2026-01-07,Prepared Food,P005,5.0,pcs,Unsold,31.0
2026-01-07,Prepared Food,P013,4.0,portions,Leftover,82.0
2026-01-07,Prepared Food,P018,2.0,portions,Leftover,42.0
2026-01-08,Raw Material,ING011,0.95,L,Expiry,53.2
2026-01-08,Raw Material,ING030,3.0,pkt,Spoilage,105.0
2026-01-08,Raw Material,ING004,0.93,kg,Spoilage,55.8
2026-01-08,Raw Material,ING012,0.69,kg,Expiry,220.8
2026-01-08,Raw Material,ING007,1.72,kg,Spoilage,120.4
2026-01-08,Prepared Food,P020,2.0,pcs,Unsold,47.0
2026-01-08,Prepared Food,P011,3.0,pcs,Unsold,22.5
2026-01-08,Prepared Food,P015,6.0,portions,Unsold,210.0
2026-01-08,Prepared Food,P016,7.0,portions,Unsold,192.5
2026-01-08,Prepared Food,P013,5.0,portions,Unsold,102.5
2026-01-09,Raw Material,ING011,1.28,L,Spoilage,71.68
2026-01-09,Raw Material,ING030,3.0,pkt,Spoilage,105.0
2026-01-09,Raw Material,ING010,0.92,kg,Spoilage,73.6
2026-01-09,Raw Material,ING013,1.14,kg,Spoilage,68.4
2026-01-09,Raw Material,ING003,0.65,kg,Spoilage,19.5
2026-01-09,Prepared Food,P007,4.0,pcs,Unsold,36.8
2026-01-09,Prepared Food,P022,6.0,pcs,Unsold,54.0
2026-01-09,Prepared Food,P013,2.0,portions,Unsold,41.0
2026-01-09,Prepared Food,P017,6.0,portions,Leftover,150.0
2026-01-09,Prepared Food,P015,4.0,portions,Unsold,140.0
2026-01-10,Raw Material,ING007,0.58,kg,Spoilage,40.6
2026-01-10,Raw Material,ING013,1.01,kg,Spoilage,60.6
2026-01-10,Raw Material,ING032,2.0,pkt,Spoilage,70.0
2026-01-10,Prepared Food,P011,3.0,pcs,Unsold,22.5
2026-01-10,Prepared Food,P005,8.0,pcs,Unsold,49.6
2026-01-10,Prepared Food,P013,8.0,portions,Unsold,164.0
2026-01-10,Prepared Food,P015,5.0,portions,Unsold,175.0
2026-01-11,Raw Material,ING031,1.0,pkt,Spoilage,30.0
2026-01-11,Raw Material,ING006,1.54,kg,Spoilage,77.0
2026-01-11,Raw Material,ING007,0.91,kg,Spoilage,63.7
2026-01-11,Raw Material,ING012,0.36,kg,Spoilage,115.2
2026-01-11,Raw Material,ING013,0.78,kg,Spoilage,46.8
2026-01-11,Prepared Food,P021,5.0,pcs,Leftover,120.0
2026-01-11,Prepared Food,P005,6.0,pcs,Leftover,37.2
2026-01-11,Prepared Food,P013,7.0,portions,Unsold,143.5
2026-01-12,Raw Material,ING031,3.0,pkt,Spoilage,90.0
2026-01-12,Raw Material,ING030,1.0,pkt,Spoilage,35.0
2026-01-12,Raw Material,ING012,1.08,kg,Expiry,345.6
2026-01-12,Prepared Food,P022,5.0,pcs,Unsold,45.0
2026-01-12,Prepared Food,P021,6.0,pcs,Unsold,144.0
2026-01-12,Prepared Food,P012,7.0,portions,Unsold,217.0
2026-01-12,Prepared Food,P015,8.0,portions,Unsold,280.0
2026-01-13,Raw Material,ING011,1.78,L,Spoilage,99.68
2026-01-13,Raw Material,ING010,0.81,kg,Spoilage,64.8
2026-01-13,Raw Material,ING012,1.21,kg,Spoilage,387.2
2026-01-13,Raw Material,ING031,2.0,pkt,Spoilage,60.0
2026-01-13,Raw Material,ING007,1.07,kg,Spoilage,74.9
2026-01-13,Prepared Food,P021,5.0,pcs,Unsold,120.0
2026-01-13,Prepared Food,P022,2.0,pcs,Leftover,18.0
2026-01-13,Prepared Food,P018,4.0,portions,Leftover,84.0
2026-01-14,Raw Material,ING031,3.0,pkt,Spoilage,90.0
2026-01-14,Raw Material,ING004,1.07,kg,Spoilage,64.2
2026-01-14,Raw Material,ING010,0.77,kg,Spoilage,61.6
2026-01-14,Raw Material,ING030,2.0,pkt,Spoilage,70.0
2026-01-14,Raw Material,ING006,1.66,kg,Spoilage,83.0
2026-01-14,Prepared Food,P011,4.0,pcs,Leftover,30.0
2026-01-14,Prepared Food,P007,6.0,pcs,Leftover,55.2
2026-01-14,Prepared Food,P014,7.0,portions,Leftover,112.0
2026-01-14,Prepared Food,P013,8.0,portions,Unsold,164.0
2026-01-14,Prepared Food,P018,8.0,portions,Unsold,168.0
2026-01-15,Raw Material,ING007,1.5,kg,Spoilage,105.0
2026-01-15,Raw Material,ING011,0.56,L,Spoilage,31.36
2026-01-15,Raw Material,ING030,3.0,pkt,Spoilage,105.0
2026-01-15,Raw Material,ING031,2.0,pkt,Spoilage,60.0
2026-01-15,Raw Material,ING004,1.26,kg,Spoilage,75.6
2026-01-15,Prepared Food,P011,3.0,pcs,Leftover,22.5
2026-01-15,Prepared Food,P019,4.0,pcs,Leftover,64.0
2026-01-15,Prepared Food,P018,5.0,portions,Unsold,105.0
2026-01-15,Prepared Food,P017,7.0,portions,Leftover,175.0
2026-01-16,Raw Material,ING013,0.68,kg,Spoilage,40.8
2026-01-16,Raw Material,ING030,1.0,pkt,Spoilage,35.0
2026-01-16,Raw Material,ING011,1.75,L,Expiry,98.0
2026-01-16,Raw Material,ING006,1.52,kg,Spoilage,76.0
2026-01-16,Prepared Food,P021,5.0,pcs,Leftover,120.0
2026-01-16,Prepared Food,P005,6.0,pcs,Leftover,37.2
2026-01-16,Prepared Food,P012,3.0,portions,Leftover,93.0
2026-01-16,Prepared Food,P013,2.0,portions,Leftover,41.0
2026-01-16,Prepared Food,P014,7.0,portions,Leftover,112.0
2026-01-17,Raw Material,ING004,0.77,kg,Spoilage,46.2
2026-01-17,Raw Material,ING013,0.51,kg,Spoilage,30.6
2026-01-17,Raw Material,ING012,1.44,kg,Expiry,460.8
2026-01-17,Raw Material,ING030,1.0,pkt,Spoilage,35.0
2026-01-17,Prepared Food,P005,3.0,pcs,Leftover,18.6
2026-01-17,Prepared Food,P021,7.0,pcs,Unsold,168.0
2026-01-17,Prepared Food,P012,3.0,portions,Leftover,93.0
2026-01-17,Prepared Food,P014,7.0,portions,Unsold,112.0
2026-01-17,Prepared Food,P018,2.0,portions,Unsold,42.0
2026-01-18,Raw Material,ING031,1.0,pkt,Spoilage,30.0
2026-01-18,Raw Material,ING010,0.63,kg,Spoilage,50.4
2026-01-18,Raw Material,ING032,3.0,pkt,Spoilage,105.0
2026-01-18,Prepared Food,P019,2.0,pcs,Unsold,32.0
2026-01-18,Prepared Food,P022,8.0,pcs,Leftover,72.0
2026-01-18,Prepared Food,P014,3.0,portions,Unsold,48.0
2026-01-18,Prepared Food,P013,3.0,portions,Leftover,61.5
2026-01-19,Raw Material,ING003,1.03,kg,Spoilage,30.9
2026-01-19,Raw Material,ING006,0.44,kg,Spoilage,22.0
2026-01-19,Raw Material,ING004,1.57,kg,Spoilage,94.2
2026-01-19,Raw Material,ING010,0.63,kg,Spoilage,50.4
2026-01-19,Raw Material,ING012,0.55,kg,Spoilage,176.0
2026-01-19,Prepared Food,P007,7.0,pcs,Unsold,64.4
2026-01-19,Prepared Food,P006,5.0,pcs,Leftover,40.5
2026-01-19,Prepared Food,P014,5.0,portions,Leftover,80.0
2026-01-19,Prepared Food,P012,3.0,portions,Unsold,93.0
2026-01-19,Prepared Food,P017,8.0,portions,Unsold,200.0
2026-01-20,Raw Material,ING013,1.41,kg,Spoilage,84.6
2026-01-20,Raw Material,ING032,2.0,pkt,Spoilage,70.0
2026-01-20,Raw Material,ING006,1.58,kg,Spoilage,79.0
2026-01-20,Prepared Food,P021,7.0,pcs,Unsold,168.0
2026-01-20,Prepared Food,P005,5.0,pcs,Leftover,31.0
2026-01-20,Prepared Food,P016,4.0,portions,Leftover,110.0
2026-01-20,Prepared Food,P014,5.0,portions,Unsold,80.0
2026-01-21,Raw Material,ING012,1.2,kg,Spoilage,384.0
2026-01-21,Raw Material,ING013,1.35,kg,Spoilage,81.0
2026-01-21,Raw Material,ING007,0.87,kg,Spoilage,60.9
2026-01-21,Raw Material,ING011,0.61,L,Spoilage,34.16
2026-01-21,Raw Material,ING004,0.77,kg,Spoilage,46.2
2026-01-21,Prepared Food,P021,5.0,pcs,Unsold,120.0
2026-01-21,Prepared Food,P007,2.0,pcs,Leftover,18.4
2026-01-21,Prepared Food,P013,7.0,portions,Unsold,143.5
2026-01-21,Prepared Food,P017,5.0,portions,Unsold,125.0
2026-01-21,Prepared Food,P014,5.0,portions,Unsold,80.0
2026-01-22,Raw Material,ING011,1.66,L,Spoilage,92.96
2026-01-22,Raw Material,ING012,0.68,kg,Expiry,217.6
2026-01-22,Raw Material,ING003,0.64,kg,Spoilage,19.2
2026-01-22,Raw Material,ING013,0.85,kg,Spoilage,51.0
2026-01-22,Raw Material,ING007,1.8,kg,Spoilage,126.0
2026-01-22,Prepared Food,P022,8.0,pcs,Unsold,72.0
2026-01-22,Prepared Food,P006,5.0,pcs,Unsold,40.5
2026-01-22,Prepared Food,P013,2.0,portions,Leftover,41.0
2026-01-22,Prepared Food,P018,2.0,portions,Unsold,42.0
2026-01-23,Raw Material,ING004,0.42,kg,Spoilage,25.2
2026-01-23,Raw Material,ING031,2.0,pkt,Spoilage,60.0
2026-01-23,Raw Material,ING030,1.0,pkt,Spoilage,35.0
2026-01-23,Raw Material,ING003,0.74,kg,Spoilage,22.2
2026-01-23,Raw Material,ING006,1.59,kg,Spoilage,79.5
2026-01-23,Prepared Food,P019,5.0,pcs,Unsold,80.0
2026-01-23,Prepared Food,P021,3.0,pcs,Leftover,72.0
2026-01-23,Prepared Food,P013,3.0,portions,Unsold,61.5
2026-01-24,Raw Material,ING003,0.73,kg,Spoilage,21.9
2026-01-24,Raw Material,ING031,2.0,pkt,Spoilage,60.0
2026-01-24,Raw Material,ING006,1.64,kg,Spoilage,82.0
2026-01-24,Prepared Food,P011,2.0,pcs,Unsold,15.0
2026-01-24,Prepared Food,P005,4.0,pcs,Unsold,24.8
2026-01-24,Prepared Food,P018,6.0,portions,Unsold,126.0
2026-01-24,Prepared Food,P013,8.0,portions,Unsold,164.0
2026-01-24,Prepared Food,P016,6.0,portions,Leftover,165.0
2026-01-25,Raw Material,ING006,0.67,kg,Spoilage,33.5
2026-01-25,Raw Material,ING032,1.0,pkt,Spoilage,35.0
2026-01-25,Raw Material,ING030,2.0,pkt,Spoilage,70.0
2026-01-25,Raw Material,ING031,2.0,pkt,Spoilage,60.0
2026-01-25,Prepared Food,P005,3.0,pcs,Unsold,18.6
2026-01-25,Prepared Food,P019,5.0,pcs,Unsold,80.0
2026-01-25,Prepared Food,P016,8.0,portions,Unsold,220.0
2026-01-25,Prepared Food,P012,3.0,portions,Unsold,93.0
2026-01-25,Prepared Food,P015,6.0,portions,Leftover,210.0
2026-01-26,Raw Material,ING007,1.37,kg,Spoilage,95.9
2026-01-26,Raw Material,ING013,0.54,kg,Spoilage,32.4
2026-01-26,Raw Material,ING006,1.21,kg,Spoilage,60.5
2026-01-26,Raw Material,ING004,0.36,kg,Spoilage,21.6
2026-01-26,Prepared Food,P021,6.0,pcs,Leftover,144.0
2026-01-26,Prepared Food,P006,7.0,pcs,Leftover,56.7
2026-01-26,Prepared Food,P012,6.0,portions,Leftover,186.0
2026-01-26,Prepared Food,P014,6.0,portions,Leftover,96.0
2026-01-27,Raw Material,ING030,3.0,pkt,Spoilage,105.0
2026-01-27,Raw Material,ING011,0.55,L,Spoilage,30.8
2026-01-27,Raw Material,ING012,0.49,kg,Spoilage,156.8
2026-01-27,Raw Material,ING010,0.35,kg,Spoilage,28.0
2026-01-27,Prepared Food,P006,5.0,pcs,Leftover,40.5
2026-01-27,Prepared Food,P019,4.0,pcs,Leftover,64.0
2026-01-27,Prepared Food,P014,2.0,portions,Leftover,32.0
2026-01-27,Prepared Food,P018,5.0,portions,Leftover,105.0
2026-01-27,Prepared Food,P012,8.0,portions,Unsold,248.0
2026-01-28,Raw Material,ING012,1.49,kg,Spoilage,476.8
2026-01-28,Raw Material,ING006,1.42,kg,Spoilage,71.0
2026-01-28,Raw Material,ING013,1.27,kg,Spoilage,76.2
2026-01-28,Prepared Food,P019,2.0,pcs,Unsold,32.0
2026-01-28,Prepared Food,P011,5.0,pcs,Unsold,37.5
2026-01-28,Prepared Food,P013,5.0,portions,Leftover,102.5
2026-01-29,Raw Material,ING013,0.5,kg,Spoilage,30.0
2026-01-29,Raw Material,ING011,0.67,L,Spoilage,37.52
2026-01-29,Raw Material,ING007,0.52,kg,Spoilage,36.4
2026-01-29,Raw Material,ING032,3.0,pkt,Spoilage,105.0
2026-01-29,Prepared Food,P006,5.0,pcs,Leftover,40.5
2026-01-29,Prepared Food,P007,7.0,pcs,Leftover,64.4
2026-01-29,Prepared Food,P014,2.0,portions,Leftover,32.0
2026-01-29,Prepared Food,P012,4.0,portions,Leftover,124.0
2026-01-30,Raw Material,ING013,0.8,kg,Spoilage,48.0
2026-01-30,Raw Material,ING003,0.77,kg,Spoilage,23.1
2026-01-30,Raw Material,ING032,3.0,pkt,Spoilage,105.0
2026-01-30,Raw Material,ING004,0.55,kg,Spoilage,33.0
2026-01-30,Raw Material,ING006,1.79,kg,Spoilage,89.5
2026-01-30,Prepared Food,P007,2.0,pcs,Unsold,18.4
2026-01-30,Prepared Food,P020,7.0,pcs,Unsold,164.5
2026-01-30,Prepared Food,P017,2.0,portions,Leftover,50.0
2026-01-30,Prepared Food,P016,5.0,portions,Leftover,137.5
2026-01-30,Prepared Food,P014,8.0,portions,Leftover,128.0
2026-01-31,Raw Material,ING011,1.08,L,Expiry,60.48
2026-01-31,Raw Material,ING031,2.0,pkt,Expiry,60.0
2026-01-31,Raw Material,ING032,2.0,pkt,Spoilage,70.0
2026-01-31,Raw Material,ING010,0.95,kg,Spoilage,76.0
2026-01-31,Raw Material,ING006,1.07,kg,Spoilage,53.5
2026-01-31,Prepared Food,P006,7.0,pcs,Leftover,56.7
2026-01-31,Prepared Food,P022,7.0,pcs,Leftover,63.0
2026-01-31,Prepared Food,P018,3.0,portions,Leftover,63.0
2026-01-31,Prepared Food,P015,8.0,portions,Unsold,280.0
2026-02-01,Raw Material,ING031,1.0,pkt,Expiry,30.0
2026-02-01,Raw Material,ING012,0.32,kg,Expiry,102.4
2026-02-01,Raw Material,ING010,0.5,kg,Spoilage,40.0
2026-02-01,Prepared Food,P021,8.0,pcs,Leftover,192.0
2026-02-01,Prepared Food,P019,5.0,pcs,Unsold,80.0
2026-02-01,Prepared Food,P013,3.0,portions,Leftover,61.5
2026-02-02,Raw Material,ING006,1.39,kg,Spoilage,69.5
2026-02-02,Raw Material,ING003,1.48,kg,Spoilage,44.4
2026-02-02,Raw Material,ING010,0.63,kg,Spoilage,50.4
2026-02-02,Prepared Food,P007,2.0,pcs,Unsold,18.4
2026-02-02,Prepared Food,P020,8.0,pcs,Leftover,188.0
2026-02-02,Prepared Food,P015,6.0,portions,Leftover,210.0
2026-02-03,Raw Material,ING013,1.3,kg,Spoilage,78.0
2026-02-03,Raw Material,ING010,1.09,kg,Spoilage,87.2
2026-02-03,Raw Material,ING030,3.0,pkt,Spoilage,105.0
2026-02-03,Raw Material,ING011,1.37,L,Spoilage,76.72
2026-02-03,Raw Material,ING032,3.0,pkt,Spoilage,105.0
2026-02-03,Prepared Food,P019,8.0,pcs,Unsold,128.0
2026-02-03,Prepared Food,P021,5.0,pcs,Unsold,120.0
2026-02-03,Prepared Food,P016,4.0,portions,Leftover,110.0
2026-02-03,Prepared Food,P013,6.0,portions,Leftover,123.0
2026-02-04,Raw Material,ING012,0.52,kg,Expiry,166.4
2026-02-04,Raw Material,ING003,0.64,kg,Spoilage,19.2
2026-02-04,Raw Material,ING010,1.48,kg,Spoilage,118.4
2026-02-04,Raw Material,ING030,1.0,pkt,Spoilage,35.0
2026-02-04,Prepared Food,P022,5.0,pcs,Leftover,45.0
2026-02-04,Prepared Food,P006,5.0,pcs,Leftover,40.5
2026-02-04,Prepared Food,P012,4.0,portions,Leftover,124.0
2026-02-04,Prepared Food,P017,3.0,portions,Unsold,75.0
2026-02-05,Raw Material,ING013,1.69,kg,Spoilage,101.4
2026-02-05,Raw Material,ING004,0.39,kg,Spoilage,23.4
2026-02-05,Raw Material,ING011,0.95,L,Spoilage,53.2
2026-02-05,Prepared Food,P021,4.0,pcs,Unsold,96.0
2026-02-05,Prepared Food,P011,5.0,pcs,Unsold,37.5
2026-02-05,Prepared Food,P012,5.0,portions,Leftover,155.0
2026-02-05,Prepared Food,P014,5.0,portions,Unsold,80.0
2026-02-05,Prepared Food,P017,8.0,portions,Leftover,200.0
2026-02-06,Raw Material,ING007,0.8,kg,Spoilage,56.0
2026-02-06,Raw Material,ING031,3.0,pkt,Spoilage,90.0
2026-02-06,Raw Material,ING006,0.87,kg,Spoilage,43.5
2026-02-06,Prepared Food,P006,3.0,pcs,Unsold,24.3
2026-02-06,Prepared Food,P005,5.0,pcs,Leftover,31.0
2026-02-06,Prepared Food,P012,8.0,portions,Unsold,248.0
2026-02-06,Prepared Food,P018,2.0,portions,Unsold,42.0
2026-02-07,Raw Material,ING006,0.74,kg,Spoilage,37.0
2026-02-07,Raw Material,ING003,1.57,kg,Spoilage,47.1
2026-02-07,Raw Material,ING032,3.0,pkt,Spoilage,105.0
2026-02-07,Prepared Food,P020,3.0,pcs,Unsold,70.5
2026-02-07,Prepared Food,P022,4.0,pcs,Leftover,36.0
2026-02-07,Prepared Food,P016,2.0,portions,Unsold,55.0
2026-02-07,Prepared Food,P012,2.0,portions,Unsold,62.0
2026-02-08,Raw Material,ING007,0.7,kg,Spoilage,49.0
2026-02-08,Raw Material,ING006,0.74,kg,Spoilage,37.0
2026-02-08,Raw Material,ING012,0.41,kg,Spoilage,131.2
2026-02-08,Raw Material,ING013,1.22,kg,Spoilage,73.2
2026-02-08,Raw Material,ING003,0.51,kg,Spoilage,15.3
2026-02-08,Prepared Food,P022,3.0,pcs,Leftover,27.0
2026-02-08,Prepared Food,P019,5.0,pcs,Unsold,80.0
2026-02-08,Prepared Food,P018,7.0,portions,Unsold,147.0
2026-02-09,Raw Material,ING012,0.84,kg,Spoilage,268.8
2026-02-09,Raw Material,ING011,0.74,L,Spoilage,41.44
2026-02-09,Raw Material,ING006,1.36,kg,Spoilage,68.0
2026-02-09,Raw Material,ING013,0.9,kg,Spoilage,54.0
2026-02-09,Prepared Food,P011,7.0,pcs,Leftover,52.5
2026-02-09,Prepared Food,P021,3.0,pcs,Leftover,72.0
2026-02-09,Prepared Food,P018,5.0,portions,Unsold,105.0
2026-02-10,Raw Material,ING006,0.39,kg,Spoilage,19.5
2026-02-10,Raw Material,ING003,1.61,kg,Spoilage,48.3
2026-02-10,Raw Material,ING004,0.52,kg,Spoilage,31.2
2026-02-10,Prepared Food,P022,8.0,pcs,Leftover,72.0
2026-02-10,Prepared Food,P006,7.0,pcs,Leftover,56.7
2026-02-10,Prepared Food,P013,6.0,portions,Leftover,123.0
2026-02-10,Prepared Food,P017,7.0,portions,Unsold,175.0
2026-02-10,Prepared Food,P012,5.0,portions,Leftover,155.0
2026-02-11,Raw Material,ING032,2.0,pkt,Spoilage,70.0
2026-02-11,Raw Material,ING030,3.0,pkt,Spoilage,105.0
2026-02-11,Raw Material,ING010,0.35,kg,Spoilage,28.0
2026-02-11,Raw Material,ING007,0.53,kg,Spoilage,37.1
2026-02-11,Prepared Food,P011,2.0,pcs,Unsold,15.0
2026-02-11,Prepared Food,P007,5.0,pcs,Leftover,46.0
2026-02-11,Prepared Food,P012,8.0,portions,Unsold,248.0
2026-02-12,Raw Material,ING032,1.0,pkt,Spoilage,35.0
2026-02-12,Raw Material,ING012,1.42,kg,Spoilage,454.4
2026-02-12,Raw Material,ING011,1.29,L,Spoilage,72.24
2026-02-12,Raw Material,ING013,1.74,kg,Spoilage,104.4
2026-02-12,Prepared Food,P007,5.0,pcs,Leftover,46.0
2026-02-12,Prepared Food,P005,5.0,pcs,Unsold,31.0
2026-02-12,Prepared Food,P018,3.0,portions,Leftover,63.0
2026-02-12,Prepared Food,P013,3.0,portions,Unsold,61.5
2026-02-13,Raw Material,ING031,3.0,pkt,Spoilage,90.0
2026-02-13,Raw Material,ING013,0.57,kg,Spoilage,34.2
2026-02-13,Raw Material,ING010,0.36,kg,Spoilage,28.8
2026-02-13,Prepared Food,P005,4.0,pcs,Leftover,24.8
2026-02-13,Prepared Food,P020,2.0,pcs,Unsold,47.0
2026-02-13,Prepared Food,P014,8.0,portions,Leftover,128.0
2026-02-13,Prepared Food,P017,3.0,portions,Unsold,75.0
2026-02-13,Prepared Food,P018,4.0,portions,Unsold,84.0
2026-02-14,Raw Material,ING030,3.0,pkt,Spoilage,105.0
2026-02-14,Raw Material,ING010,1.22,kg,Spoilage,97.6
2026-02-14,Raw Material,ING032,3.0,pkt,Spoilage,105.0
2026-02-14,Raw Material,ING012,1.45,kg,Expiry,464.0
2026-02-14,Raw Material,ING031,1.0,pkt,Spoilage,30.0
2026-02-14,Prepared Food,P022,2.0,pcs,Leftover,18.0
2026-02-14,Prepared Food,P020,4.0,pcs,Leftover,94.0
2026-02-14,Prepared Food,P016,5.0,portions,Unsold,137.5
2026-02-14,Prepared Food,P018,5.0,portions,Unsold,105.0
2026-02-14,Prepared Food,P014,5.0,portions,Leftover,80.0
2026-02-15,Raw Material,ING007,0.75,kg,Spoilage,52.5
2026-02-15,Raw Material,ING011,0.36,L,Spoilage,20.16
2026-02-15,Raw Material,ING032,1.0,pkt,Spoilage,35.0
2026-02-15,Raw Material,ING013,1.3,kg,Spoilage,78.0
2026-02-15,Raw Material,ING006,1.17,kg,Spoilage,58.5
2026-02-15,Prepared Food,P021,3.0,pcs,Unsold,72.0
2026-02-15,Prepared Food,P007,3.0,pcs,Leftover,27.6
2026-02-15,Prepared Food,P012,2.0,portions,Leftover,62.0
2026-02-15,Prepared Food,P016,2.0,portions,Leftover,55.0
2026-02-15,Prepared Food,P013,8.0,portions,Unsold,164.0
2026-02-16,Raw Material,ING030,3.0,pkt,Spoilage,105.0
2026-02-16,Raw Material,ING012,1.04,kg,Spoilage,332.8
2026-02-16,Raw Material,ING003,1.17,kg,Spoilage,35.1
2026-02-16,Raw Material,ING010,1.1,kg,Spoilage,88.0
2026-02-16,Prepared Food,P019,3.0,pcs,Leftover,48.0
2026-02-16,Prepared Food,P021,2.0,pcs,Unsold,48.0
2026-02-16,Prepared Food,P012,2.0,portions,Leftover,62.0
2026-02-16,Prepared Food,P013,7.0,portions,Leftover,143.5
2026-02-16,Prepared Food,P015,5.0,portions,Unsold,175.0
2026-02-17,Raw Material,ING006,1.29,kg,Spoilage,64.5
2026-02-17,Raw Material,ING010,1.31,kg,Spoilage,104.8
2026-02-17,Raw Material,ING032,2.0,pkt,Spoilage,70.0
2026-02-17,Prepared Food,P007,4.0,pcs,Unsold,36.8
2026-02-17,Prepared Food,P011,8.0,pcs,Unsold,60.0
2026-02-17,Prepared Food,P013,4.0,portions,Leftover,82.0
2026-02-18,Raw Material,ING030,1.0,pkt,Spoilage,35.0
2026-02-18,Raw Material,ING004,1.58,kg,Spoilage,94.8
2026-02-18,Raw Material,ING031,1.0,pkt,Expiry,30.0
2026-02-18,Raw Material,ING006,0.4,kg,Spoilage,20.0
2026-02-18,Raw Material,ING012,1.44,kg,Spoilage,460.8
2026-02-18,Prepared Food,P019,6.0,pcs,Unsold,96.0
2026-02-18,Prepared Food,P006,6.0,pcs,Leftover,48.6
2026-02-18,Prepared Food,P012,5.0,portions,Unsold,155.0
2026-02-18,Prepared Food,P015,8.0,portions,Leftover,280.0
2026-02-18,Prepared Food,P014,4.0,portions,Unsold,64.0
2026-02-19,Raw Material,ING006,1.12,kg,Spoilage,56.0
2026-02-19,Raw Material,ING012,0.33,kg,Expiry,105.6
2026-02-19,Raw Material,ING007,1.67,kg,Spoilage,116.9
2026-02-19,Prepared Food,P006,3.0,pcs,Leftover,24.3
2026-02-19,Prepared Food,P005,5.0,pcs,Unsold,31.0
2026-02-19,Prepared Food,P013,2.0,portions,Leftover,41.0
2026-02-19,Prepared Food,P018,8.0,portions,Leftover,168.0
2026-02-20,Raw Material,ING004,0.55,kg,Spoilage,33.0
2026-02-20,Raw Material,ING030,3.0,pkt,Spoilage,105.0
2026-02-20,Raw Material,ING012,1.46,kg,Spoilage,467.2
2026-02-20,Raw Material,ING007,1.42,kg,Spoilage,99.4
2026-02-20,Prepared Food,P006,6.0,pcs,Leftover,48.6
2026-02-20,Prepared Food,P020,5.0,pcs,Leftover,117.5
2026-02-20,Prepared Food,P013,7.0,portions,Leftover,143.5
2026-02-20,Prepared Food,P017,3.0,portions,Leftover,75.0
2026-02-21,Raw Material,ING013,1.16,kg,Spoilage,69.6
2026-02-21,Raw Material,ING007,0.33,kg,Spoilage,23.1
2026-02-21,Raw Material,ING003,1.3,kg,Spoilage,39.0
2026-02-21,Prepared Food,P020,7.0,pcs,Leftover,164.5
2026-02-21,Prepared Food,P022,4.0,pcs,Unsold,36.0
2026-02-21,Prepared Food,P014,2.0,portions,Leftover,32.0
2026-02-22,Raw Material,ING031,3.0,pkt,Spoilage,90.0
2026-02-22,Raw Material,ING030,1.0,pkt,Spoilage,35.0
2026-02-22,Raw Material,ING032,2.0,pkt,Spoilage,70.0
2026-02-22,Prepared Food,P022,2.0,pcs,Leftover,18.0
2026-02-22,Prepared Food,P019,8.0,pcs,Unsold,128.0
2026-02-22,Prepared Food,P016,3.0,portions,Leftover,82.5
2026-02-23,Raw Material,ING012,0.75,kg,Expiry,240.0
2026-02-23,Raw Material,ING010,1.75,kg,Spoilage,140.0
2026-02-23,Raw Material,ING003,0.51,kg,Spoilage,15.3
2026-02-23,Raw Material,ING004,0.69,kg,Spoilage,41.4
2026-02-23,Prepared Food,P021,6.0,pcs,Unsold,144.0
2026-02-23,Prepared Food,P006,2.0,pcs,Leftover,16.2
2026-02-23,Prepared Food,P014,4.0,portions,Leftover,64.0
2026-02-23,Prepared Food,P018,5.0,portions,Leftover,105.0
2026-02-23,Prepared Food,P015,2.0,portions,Unsold,70.0
2026-02-24,Raw Material,ING006,0.84,kg,Spoilage,42.0
2026-02-24,Raw Material,ING004,0.44,kg,Spoilage,26.4
2026-02-24,Raw Material,ING032,2.0,pkt,Spoilage,70.0
2026-02-24,Raw Material,ING031,2.0,pkt,Spoilage,60.0
2026-02-24,Prepared Food,P006,3.0,pcs,Unsold,24.3
2026-02-24,Prepared Food,P022,4.0,pcs,Unsold,36.0
2026-02-24,Prepared Food,P016,8.0,portions,Leftover,220.0
2026-02-24,Prepared Food,P013,8.0,portions,Unsold,164.0
2026-02-25,Raw Material,ING031,1.0,pkt,Spoilage,30.0
2026-02-25,Raw Material,ING030,2.0,pkt,Spoilage,70.0
2026-02-25,Raw Material,ING010,1.68,kg,Spoilage,134.4
2026-02-25,Raw Material,ING032,2.0,pkt,Spoilage,70.0
2026-02-25,Raw Material,ING003,0.44,kg,Spoilage,13.2
2026-02-25,Prepared Food,P020,2.0,pcs,Unsold,47.0
2026-02-25,Prepared Food,P007,2.0,pcs,Unsold,18.4
2026-02-25,Prepared Food,P017,2.0,portions,Leftover,50.0
2026-02-25,Prepared Food,P012,8.0,portions,Leftover,248.0
2026-02-25,Prepared Food,P013,5.0,portions,Leftover,102.5
2026-02-26,Raw Material,ING010,0.8,kg,Spoilage,64.0
2026-02-26,Raw Material,ING006,0.58,kg,Spoilage,29.0
2026-02-26,Raw Material,ING030,3.0,pkt,Spoilage,105.0
2026-02-26,Raw Material,ING007,1.35,kg,Spoilage,94.5
2026-02-26,Raw Material,ING003,0.46,kg,Spoilage,13.8
2026-02-26,Prepared Food,P005,3.0,pcs,Unsold,18.6
2026-02-26,Prepared Food,P011,5.0,pcs,Unsold,37.5
2026-02-26,Prepared Food,P013,7.0,portions,Unsold,143.5
2026-02-27,Raw Material,ING031,3.0,pkt,Spoilage,90.0
2026-02-27,Raw Material,ING007,1.3,kg,Spoilage,91.0
2026-02-27,Raw Material,ING013,0.59,kg,Spoilage,35.4
2026-02-27,Raw Material,ING032,3.0,pkt,Spoilage,105.0
2026-02-27,Raw Material,ING003,0.74,kg,Spoilage,22.2
2026-02-27,Prepared Food,P007,4.0,pcs,Leftover,36.8
2026-02-27,Prepared Food,P011,6.0,pcs,Unsold,45.0
2026-02-27,Prepared Food,P016,7.0,portions,Unsold,192.5
2026-02-27,Prepared Food,P015,4.0,portions,Leftover,140.0
2026-02-28,Raw Material,ING013,0.59,kg,Spoilage,35.4
2026-02-28,Raw Material,ING003,0.68,kg,Spoilage,20.4
2026-02-28,Raw Material,ING004,0.49,kg,Spoilage,29.4
2026-02-28,Raw Material,ING012,1.26,kg,Expiry,403.2
2026-02-28,Raw Material,ING010,0.48,kg,Spoilage,38.4
2026-02-28,Prepared Food,P011,7.0,pcs,Unsold,52.5
2026-02-28,Prepared Food,P006,7.0,pcs,Unsold,56.7
2026-02-28,Prepared Food,P017,7.0,portions,Unsold,175.0
2026-02-28,Prepared Food,P012,3.0,portions,Leftover,93.0
2026-02-28,Prepared Food,P013,4.0,portions,Unsold,82.0
2026-03-01,Raw Material,ING003,1.54,kg,Spoilage,46.2
2026-03-01,Raw Material,ING007,0.32,kg,Spoilage,22.4
2026-03-01,Raw Material,ING004,0.46,kg,Spoilage,27.6
2026-03-01,Prepared Food,P011,4.0,pcs,Leftover,30.0
2026-03-01,Prepared Food,P022,5.0,pcs,Leftover,45.0
2026-03-01,Prepared Food,P013,5.0,portions,Leftover,102.5
2026-03-01,Prepared Food,P018,8.0,portions,Unsold,168.0
2026-03-01,Prepared Food,P012,3.0,portions,Unsold,93.0
2026-03-02,Raw Material,ING007,1.72,kg,Spoilage,120.4
2026-03-02,Raw Material,ING032,2.0,pkt,Spoilage,70.0
2026-03-02,Raw Material,ING013,0.37,kg,Spoilage,22.2
2026-03-02,Raw Material,ING030,1.0,pkt,Spoilage,35.0
2026-03-02,Prepared Food,P021,7.0,pcs,Unsold,168.0
2026-03-02,Prepared Food,P011,6.0,pcs,Leftover,45.0
2026-03-02,Prepared Food,P013,3.0,portions,Leftover,61.5
2026-03-02,Prepared Food,P012,2.0,portions,Leftover,62.0
2026-03-03,Raw Material,ING010,1.45,kg,Spoilage,116.0
2026-03-03,Raw Material,ING032,2.0,pkt,Spoilage,70.0
2026-03-03,Raw Material,ING006,1.48,kg,Spoilage,74.0
2026-03-03,Raw Material,ING012,1.18,kg,Spoilage,377.6
2026-03-03,Prepared Food,P020,5.0,pcs,Unsold,117.5
2026-03-03,Prepared Food,P007,7.0,pcs,Unsold,64.4
2026-03-03,Prepared Food,P017,8.0,portions,Leftover,200.0
2026-03-04,Raw Material,ING010,0.96,kg,Spoilage,76.8
2026-03-04,Raw Material,ING006,0.5,kg,Spoilage,25.0
2026-03-04,Raw Material,ING013,1.47,kg,Spoilage,88.2
2026-03-04,Raw Material,ING007,1.27,kg,Spoilage,88.9
2026-03-04,Prepared Food,P021,2.0,pcs,Unsold,48.0
2026-03-04,Prepared Food,P006,7.0,pcs,Leftover,56.7
2026-03-04,Prepared Food,P016,6.0,portions,Leftover,165.0
2026-03-04,Prepared Food,P018,7.0,portions,Leftover,147.0
2026-03-05,Raw Material,ING032,3.0,pkt,Spoilage,105.0
2026-03-05,Raw Material,ING030,2.0,pkt,Spoilage,70.0
2026-03-05,Raw Material,ING010,0.33,kg,Spoilage,26.4
2026-03-05,Prepared Food,P006,8.0,pcs,Unsold,64.8
2026-03-05,Prepared Food,P022,7.0,pcs,Unsold,63.0
2026-03-05,Prepared Food,P014,6.0,portions,Leftover,96.0
2026-03-05,Prepared Food,P018,3.0,portions,Unsold,63.0
2026-03-06,Raw Material,ING030,1.0,pkt,Spoilage,35.0
2026-03-06,Raw Material,ING012,0.58,kg,Spoilage,185.6
2026-03-06,Raw Material,ING011,1.38,L,Spoilage,77.28
2026-03-06,Prepared Food,P021,7.0,pcs,Unsold,168.0
2026-03-06,Prepared Food,P007,7.0,pcs,Leftover,64.4
2026-03-06,Prepared Food,P017,2.0,portions,Leftover,50.0
2026-03-06,Prepared Food,P014,5.0,portions,Leftover,80.0
2026-03-07,Raw Material,ING007,1.01,kg,Spoilage,70.7
2026-03-07,Raw Material,ING011,0.8,L,Expiry,44.8
2026-03-07,Raw Material,ING003,0.64,kg,Spoilage,19.2
2026-03-07,Raw Material,ING031,1.0,pkt,Spoilage,30.0
2026-03-07,Raw Material,ING006,1.33,kg,Spoilage,66.5
2026-03-07,Prepared Food,P006,5.0,pcs,Unsold,40.5
2026-03-07,Prepared Food,P019,3.0,pcs,Unsold,48.0
2026-03-07,Prepared Food,P013,5.0,portions,Leftover,102.5
2026-03-08,Raw Material,ING004,0.5,kg,Spoilage,30.0
2026-03-08,Raw Material,ING032,3.0,pkt,Spoilage,105.0
2026-03-08,Raw Material,ING030,1.0,pkt,Spoilage,35.0
2026-03-08,Raw Material,ING013,0.63,kg,Spoilage,37.8
2026-03-08,Raw Material,ING011,0.68,L,Expiry,38.08
2026-03-08,Prepared Food,P021,3.0,pcs,Leftover,72.0
2026-03-08,Prepared Food,P005,4.0,pcs,Unsold,24.8
2026-03-08,Prepared Food,P014,6.0,portions,Unsold,96.0
2026-03-08,Prepared Food,P017,2.0,portions,Unsold,50.0
2026-03-08,Prepared Food,P016,8.0,portions,Leftover,220.0
2026-03-09,Raw Material,ING032,2.0,pkt,Spoilage,70.0
2026-03-09,Raw Material,ING007,1.11,kg,Spoilage,77.7
2026-03-09,Raw Material,ING003,1.29,kg,Spoilage,38.7
2026-03-09,Raw Material,ING013,1.34,kg,Spoilage,80.4
2026-03-09,Raw Material,ING011,1.56,L,Expiry,87.36
2026-03-09,Prepared Food,P011,6.0,pcs,Unsold,45.0
2026-03-09,Prepared Food,P021,6.0,pcs,Unsold,144.0
2026-03-09,Prepared Food,P015,2.0,portions,Leftover,70.0
2026-03-09,Prepared Food,P014,7.0,portions,Leftover,112.0
2026-03-09,Prepared Food,P012,4.0,portions,Leftover,124.0
2026-03-10,Raw Material,ING006,1.3,kg,Spoilage,65.0
2026-03-10,Raw Material,ING003,0.59,kg,Spoilage,17.7
2026-03-10,Raw Material,ING004,1.53,kg,Spoilage,91.8
2026-03-10,Raw Material,ING031,1.0,pkt,Expiry,30.0
2026-03-10,Prepared Food,P007,4.0,pcs,Unsold,36.8
2026-03-10,Prepared Food,P006,2.0,pcs,Leftover,16.2
2026-03-10,Prepared Food,P018,3.0,portions,Leftover,63.0
2026-03-10,Prepared Food,P013,2.0,portions,Unsold,41.0
2026-03-10,Prepared Food,P017,7.0,portions,Unsold,175.0
2026-03-11,Raw Material,ING011,1.65,L,Expiry,92.4
2026-03-11,Raw Material,ING010,1.01,kg,Spoilage,80.8
2026-03-11,Raw Material,ING012,0.86,kg,Expiry,275.2
2026-03-11,Raw Material,ING006,1.1,kg,Spoilage,55.0
2026-03-11,Raw Material,ING032,3.0,pkt,Spoilage,105.0
2026-03-11,Prepared Food,P021,3.0,pcs,Unsold,72.0
2026-03-11,Prepared Food,P005,3.0,pcs,Unsold,18.6
2026-03-11,Prepared Food,P012,2.0,portions,Leftover,62.0
2026-03-12,Raw Material,ING006,1.63,kg,Spoilage,81.5
2026-03-12,Raw Material,ING010,0.54,kg,Spoilage,43.2
2026-03-12,Raw Material,ING030,3.0,pkt,Spoilage,105.0
2026-03-12,Raw Material,ING011,1.15,L,Spoilage,64.4
2026-03-12,Prepared Food,P022,4.0,pcs,Leftover,36.0
2026-03-12,Prepared Food,P011,4.0,pcs,Leftover,30.0
2026-03-12,Prepared Food,P013,7.0,portions,Unsold,143.5
2026-03-13,Raw Material,ING012,1.0,kg,Spoilage,320.0
2026-03-13,Raw Material,ING010,0.44,kg,Spoilage,35.2
2026-03-13,Raw Material,ING032,3.0,pkt,Spoilage,105.0
2026-03-13,Prepared Food,P006,2.0,pcs,Unsold,16.2
2026-03-13,Prepared Food,P021,7.0,pcs,Unsold,168.0
2026-03-13,Prepared Food,P017,6.0,portions,Unsold,150.0
2026-03-14,Raw Material,ING032,3.0,pkt,Spoilage,105.0
2026-03-14,Raw Material,ING031,1.0,pkt,Expiry,30.0
2026-03-14,Raw Material,ING006,1.5,kg,Spoilage,75.0
2026-03-14,Raw Material,ING003,0.66,kg,Spoilage,19.8
2026-03-14,Prepared Food,P005,3.0,pcs,Unsold,18.6
2026-03-14,Prepared Food,P019,4.0,pcs,Unsold,64.0
2026-03-14,Prepared Food,P018,4.0,portions,Unsold,84.0
2026-03-14,Prepared Food,P016,4.0,portions,Leftover,110.0
2026-03-15,Raw Material,ING006,1.56,kg,Spoilage,78.0
2026-03-15,Raw Material,ING003,0.51,kg,Spoilage,15.3
2026-03-15,Raw Material,ING012,1.35,kg,Spoilage,432.0
2026-03-15,Raw Material,ING013,0.43,kg,Spoilage,25.8
2026-03-15,Raw Material,ING030,1.0,pkt,Spoilage,35.0
2026-03-15,Prepared Food,P022,7.0,pcs,Unsold,63.0
2026-03-15,Prepared Food,P005,5.0,pcs,Leftover,31.0
2026-03-15,Prepared Food,P015,7.0,portions,Unsold,245.0
2026-03-16,Raw Material,ING003,1.46,kg,Spoilage,43.8
2026-03-16,Raw Material,ING032,3.0,pkt,Spoilage,105.0
2026-03-16,Raw Material,ING031,3.0,pkt,Expiry,90.0
2026-03-16,Raw Material,ING030,1.0,pkt,Spoilage,35.0
2026-03-16,Prepared Food,P006,2.0,pcs,Unsold,16.2
2026-03-16,Prepared Food,P007,5.0,pcs,Unsold,46.0
2026-03-16,Prepared Food,P013,5.0,portions,Unsold,102.5
2026-03-16,Prepared Food,P017,2.0,portions,Leftover,50.0
2026-03-17,Raw Material,ING031,1.0,pkt,Expiry,30.0
2026-03-17,Raw Material,ING003,1.49,kg,Spoilage,44.7
2026-03-17,Raw Material,ING006,1.06,kg,Spoilage,53.0
2026-03-17,Raw Material,ING011,0.74,L,Expiry,41.44
2026-03-17,Raw Material,ING030,1.0,pkt,Spoilage,35.0
2026-03-17,Prepared Food,P006,4.0,pcs,Leftover,32.4
2026-03-17,Prepared Food,P019,6.0,pcs,Leftover,96.0
2026-03-17,Prepared Food,P018,3.0,portions,Unsold,63.0
2026-03-17,Prepared Food,P013,8.0,portions,Unsold,164.0
2026-03-17,Prepared Food,P016,6.0,portions,Leftover,165.0
2026-03-18,Raw Material,ING011,0.34,L,Spoilage,19.04
2026-03-18,Raw Material,ING012,0.3,kg,Spoilage,96.0
2026-03-18,Raw Material,ING013,0.69,kg,Spoilage,41.4
2026-03-18,Raw Material,ING003,0.67,kg,Spoilage,20.1
2026-03-18,Raw Material,ING010,0.82,kg,Spoilage,65.6
2026-03-18,Prepared Food,P020,6.0,pcs,Leftover,141.0
2026-03-18,Prepared Food,P005,5.0,pcs,Unsold,31.0
2026-03-18,Prepared Food,P014,6.0,portions,Leftover,96.0
2026-03-19,Raw Material,ING012,1.79,kg,Spoilage,572.8
2026-03-19,Raw Material,ING006,0.85,kg,Spoilage,42.5
2026-03-19,Raw Material,ING010,0.37,kg,Spoilage,29.6
2026-03-19,Prepared Food,P019,7.0,pcs,Leftover,112.0
2026-03-19,Prepared Food,P021,6.0,pcs,Unsold,144.0
2026-03-19,Prepared Food,P013,7.0,portions,Unsold,143.5
2026-03-20,Raw Material,ING012,1.22,kg,Spoilage,390.4
2026-03-20,Raw Material,ING007,0.99,kg,Spoilage,69.3
2026-03-20,Raw Material,ING031,1.0,pkt,Expiry,30.0
2026-03-20,Raw Material,ING032,3.0,pkt,Spoilage,105.0
2026-03-20,Prepared Food,P007,4.0,pcs,Unsold,36.8
2026-03-20,Prepared Food,P006,2.0,pcs,Unsold,16.2
2026-03-20,Prepared Food,P012,4.0,portions,Leftover,124.0
2026-03-21,Raw Material,ING030,3.0,pkt,Spoilage,105.0
2026-03-21,Raw Material,ING032,2.0,pkt,Spoilage,70.0
2026-03-21,Raw Material,ING003,1.74,kg,Spoilage,52.2
2026-03-21,Raw Material,ING010,1.27,kg,Spoilage,101.6
2026-03-21,Raw Material,ING011,1.01,L,Spoilage,56.56
2026-03-21,Prepared Food,P011,7.0,pcs,Leftover,52.5
2026-03-21,Prepared Food,P019,6.0,pcs,Unsold,96.0
2026-03-21,Prepared Food,P013,5.0,portions,Unsold,102.5
2026-03-22,Raw Material,ING006,1.23,kg,Spoilage,61.5
2026-03-22,Raw Material,ING004,0.74,kg,Spoilage,44.4
2026-03-22,Raw Material,ING032,1.0,pkt,Spoilage,35.0
2026-03-22,Raw Material,ING012,1.27,kg,Spoilage,406.4
2026-03-22,Prepared Food,P019,2.0,pcs,Unsold,32.0
2026-03-22,Prepared Food,P011,5.0,pcs,Unsold,37.5
2026-03-22,Prepared Food,P014,4.0,portions,Unsold,64.0
2026-03-23,Raw Material,ING030,2.0,pkt,Spoilage,70.0
2026-03-23,Raw Material,ING012,1.61,kg,Expiry,515.2
2026-03-23,Raw Material,ING007,1.53,kg,Spoilage,107.1
2026-03-23,Raw Material,ING004,0.74,kg,Spoilage,44.4
2026-03-23,Raw Material,ING006,1.77,kg,Spoilage,88.5
2026-03-23,Prepared Food,P021,3.0,pcs,Unsold,72.0
2026-03-23,Prepared Food,P006,8.0,pcs,Leftover,64.8
2026-03-23,Prepared Food,P014,7.0,portions,Unsold,112.0
2026-03-23,Prepared Food,P018,4.0,portions,Leftover,84.0
2026-03-23,Prepared Food,P017,4.0,portions,Unsold,100.0
2026-03-24,Raw Material,ING003,0.87,kg,Spoilage,26.1
2026-03-24,Raw Material,ING004,0.92,kg,Spoilage,55.2
2026-03-24,Raw Material,ING013,0.72,kg,Spoilage,43.2
2026-03-24,Prepared Food,P019,8.0,pcs,Unsold,128.0
2026-03-24,Prepared Food,P022,7.0,pcs,Unsold,63.0
2026-03-24,Prepared Food,P016,4.0,portions,Unsold,110.0
2026-03-24,Prepared Food,P018,6.0,portions,Unsold,126.0
2026-03-24,Prepared Food,P017,8.0,portions,Unsold,200.0
2026-03-25,Raw Material,ING006,0.36,kg,Spoilage,18.0
2026-03-25,Raw Material,ING013,1.33,kg,Spoilage,79.8
2026-03-25,Raw Material,ING003,0.39,kg,Spoilage,11.7
2026-03-25,Raw Material,ING011,0.66,L,Spoilage,36.96
2026-03-25,Prepared Food,P011,8.0,pcs,Unsold,60.0
2026-03-25,Prepared Food,P006,6.0,pcs,Leftover,48.6
2026-03-25,Prepared Food,P018,7.0,portions,Leftover,147.0
2026-03-25,Prepared Food,P014,5.0,portions,Unsold,80.0
2026-03-26,Raw Material,ING006,1.2,kg,Spoilage,60.0
2026-03-26,Raw Material,ING004,1.09,kg,Spoilage,65.4
2026-03-26,Raw Material,ING031,1.0,pkt,Spoilage,30.0
2026-03-26,Raw Material,ING030,3.0,pkt,Spoilage,105.0
2026-03-26,Raw Material,ING011,1.76,L,Expiry,98.56
2026-03-26,Prepared Food,P011,5.0,pcs,Unsold,37.5
2026-03-26,Prepared Food,P019,3.0,pcs,Unsold,48.0
2026-03-26,Prepared Food,P012,7.0,portions,Leftover,217.0
2026-03-27,Raw Material,ING003,1.73,kg,Spoilage,51.9
2026-03-27,Raw Material,ING012,1.22,kg,Spoilage,390.4
2026-03-27,Raw Material,ING032,3.0,pkt,Spoilage,105.0
2026-03-27,Raw Material,ING004,1.04,kg,Spoilage,62.4
2026-03-27,Prepared Food,P020,6.0,pcs,Leftover,141.0
2026-03-27,Prepared Food,P011,8.0,pcs,Leftover,60.0
2026-03-27,Prepared Food,P012,2.0,portions,Unsold,62.0
2026-03-28,Raw Material,ING003,0.8,kg,Spoilage,24.0
2026-03-28,Raw Material,ING032,2.0,pkt,Spoilage,70.0
2026-03-28,Raw Material,ING004,0.47,kg,Spoilage,28.2
2026-03-28,Prepared Food,P007,3.0,pcs,Unsold,27.6
2026-03-28,Prepared Food,P021,4.0,pcs,Leftover,96.0
2026-03-28,Prepared Food,P016,7.0,portions,Leftover,192.5
2026-03-29,Raw Material,ING010,1.62,kg,Spoilage,129.6
2026-03-29,Raw Material,ING032,3.0,pkt,Spoilage,105.0
2026-03-29,Raw Material,ING004,0.62,kg,Spoilage,37.2
2026-03-29,Raw Material,ING012,1.49,kg,Expiry,476.8
2026-03-29,Raw Material,ING003,0.5,kg,Spoilage,15.0
2026-03-29,Prepared Food,P005,8.0,pcs,Unsold,49.6
2026-03-29,Prepared Food,P022,8.0,pcs,Unsold,72.0
2026-03-29,Prepared Food,P014,2.0,portions,Leftover,32.0
2026-03-29,Prepared Food,P016,3.0,portions,Leftover,82.5
2026-03-30,Raw Material,ING030,1.0,pkt,Spoilage,35.0
2026-03-30,Raw Material,ING013,1.18,kg,Spoilage,70.8
2026-03-30,Raw Material,ING011,0.91,L,Spoilage,50.96
2026-03-30,Prepared Food,P007,6.0,pcs,Unsold,55.2
2026-03-30,Prepared Food,P021,2.0,pcs,Unsold,48.0
2026-03-30,Prepared Food,P017,5.0,portions,Unsold,125.0
2026-03-30,Prepared Food,P013,4.0,portions,Leftover,82.0
2026-03-31,Raw Material,ING004,1.34,kg,Spoilage,80.4
2026-03-31,Raw Material,ING032,3.0,pkt,Spoilage,105.0
2026-03-31,Raw Material,ING010,0.74,kg,Spoilage,59.2
2026-03-31,Raw Material,ING003,1.08,kg,Spoilage,32.4
2026-03-31,Prepared Food,P021,8.0,pcs,Unsold,192.0
2026-03-31,Prepared Food,P020,3.0,pcs,Leftover,70.5
2026-03-31,Prepared Food,P012,5.0,portions,Leftover,155.0
2026-03-31,Prepared Food,P014,5.0,portions,Leftover,80.0
2026-04-01,Raw Material,ING030,1.0,pkt,Spoilage,35.0
2026-04-01,Raw Material,ING004,1.71,kg,Spoilage,102.6
2026-04-01,Raw Material,ING031,1.0,pkt,Spoilage,30.0
2026-04-01,Raw Material,ING006,1.08,kg,Spoilage,54.0
2026-04-01,Raw Material,ING007,0.6,kg,Spoilage,42.0
2026-04-01,Prepared Food,P021,8.0,pcs,Unsold,192.0
2026-04-01,Prepared Food,P011,5.0,pcs,Unsold,37.5
2026-04-01,Prepared Food,P016,7.0,portions,Unsold,192.5
2026-04-02,Raw Material,ING011,0.68,L,Spoilage,38.08
2026-04-02,Raw Material,ING007,0.81,kg,Spoilage,56.7
2026-04-02,Raw Material,ING004,0.38,kg,Spoilage,22.8
2026-04-02,Raw Material,ING006,0.94,kg,Spoilage,47.0
2026-04-02,Prepared Food,P007,5.0,pcs,Unsold,46.0
2026-04-02,Prepared Food,P011,5.0,pcs,Leftover,37.5
2026-04-02,Prepared Food,P016,6.0,portions,Unsold,165.0
2026-04-03,Raw Material,ING010,0.47,kg,Spoilage,37.6
2026-04-03,Raw Material,ING032,2.0,pkt,Spoilage,70.0
2026-04-03,Raw Material,ING003,1.64,kg,Spoilage,49.2
2026-04-03,Prepared Food,P005,4.0,pcs,Leftover,24.8
2026-04-03,Prepared Food,P021,5.0,pcs,Unsold,120.0
2026-04-03,Prepared Food,P016,5.0,portions,Unsold,137.5
2026-04-03,Prepared Food,P015,3.0,portions,Unsold,105.0
2026-04-03,Prepared Food,P013,7.0,portions,Unsold,143.5
2026-04-04,Raw Material,ING004,0.98,kg,Spoilage,58.8
2026-04-04,Raw Material,ING003,1.34,kg,Spoilage,40.2
2026-04-04,Raw Material,ING032,3.0,pkt,Spoilage,105.0
2026-04-04,Raw Material,ING011,1.06,L,Spoilage,59.36
2026-04-04,Prepared Food,P006,2.0,pcs,Unsold,16.2
2026-04-04,Prepared Food,P021,4.0,pcs,Leftover,96.0
2026-04-04,Prepared Food,P014,5.0,portions,Unsold,80.0
2026-04-04,Prepared Food,P018,8.0,portions,Leftover,168.0
2026-04-04,Prepared Food,P016,8.0,portions,Leftover,220.0
2026-04-05,Raw Material,ING030,2.0,pkt,Spoilage,70.0
2026-04-05,Raw Material,ING031,2.0,pkt,Expiry,60.0
2026-04-05,Raw Material,ING013,1.17,kg,Spoilage,70.2
2026-04-05,Raw Material,ING004,1.26,kg,Spoilage,75.6
2026-04-05,Raw Material,ING010,1.15,kg,Spoilage,92.0
2026-04-05,Prepared Food,P007,2.0,pcs,Leftover,18.4
2026-04-05,Prepared Food,P022,6.0,pcs,Leftover,54.0
2026-04-05,Prepared Food,P016,3.0,portions,Unsold,82.5
2026-04-05,Prepared Food,P012,2.0,portions,Unsold,62.0
2026-04-06,Raw Material,ING010,0.91,kg,Spoilage,72.8
2026-04-06,Raw Material,ING006,1.14,kg,Spoilage,57.0
2026-04-06,Raw Material,ING012,0.91,kg,Spoilage,291.2
2026-04-06,Prepared Food,P005,5.0,pcs,Unsold,31.0
2026-04-06,Prepared Food,P019,5.0,pcs,Unsold,80.0
2026-04-06,Prepared Food,P015,2.0,portions,Leftover,70.0
2026-04-07,Raw Material,ING006,1.21,kg,Spoilage,60.5
2026-04-07,Raw Material,ING007,0.79,kg,Spoilage,55.3
2026-04-07,Raw Material,ING010,1.29,kg,Spoilage,103.2
2026-04-07,Raw Material,ING031,3.0,pkt,Spoilage,90.0
2026-04-07,Raw Material,ING030,1.0,pkt,Spoilage,35.0
2026-04-07,Prepared Food,P007,8.0,pcs,Leftover,73.6
2026-04-07,Prepared Food,P020,4.0,pcs,Unsold,94.0
2026-04-07,Prepared Food,P016,7.0,portions,Leftover,192.5
2026-04-07,Prepared Food,P012,3.0,portions,Unsold,93.0
2026-04-08,Raw Material,ING031,1.0,pkt,Spoilage,30.0
2026-04-08,Raw Material,ING012,1.44,kg,Spoilage,460.8
2026-04-08,Raw Material,ING011,0.52,L,Spoilage,29.12
2026-04-08,Raw Material,ING003,1.29,kg,Spoilage,38.7
2026-04-08,Raw Material,ING010,0.44,kg,Spoilage,35.2
2026-04-08,Prepared Food,P021,8.0,pcs,Unsold,192.0
2026-04-08,Prepared Food,P019,2.0,pcs,Unsold,32.0
2026-04-08,Prepared Food,P015,8.0,portions,Leftover,280.0
2026-04-08,Prepared Food,P014,2.0,portions,Leftover,32.0
2026-04-08,Prepared Food,P018,8.0,portions,Unsold,168.0
2026-04-09,Raw Material,ING011,1.43,L,Spoilage,80.08
2026-04-09,Raw Material,ING031,1.0,pkt,Expiry,30.0
2026-04-09,Raw Material,ING032,2.0,pkt,Spoilage,70.0
2026-04-09,Prepared Food,P021,8.0,pcs,Leftover,192.0
2026-04-09,Prepared Food,P019,7.0,pcs,Leftover,112.0
2026-04-09,Prepared Food,P013,8.0,portions,Unsold,164.0
2026-04-09,Prepared Food,P018,8.0,portions,Unsold,168.0
2026-04-09,Prepared Food,P016,5.0,portions,Unsold,137.5
2026-04-10,Raw Material,ING003,1.2,kg,Spoilage,36.0
2026-04-10,Raw Material,ING030,2.0,pkt,Spoilage,70.0
2026-04-10,Raw Material,ING012,0.38,kg,Expiry,121.6
2026-04-10,Prepared Food,P021,2.0,pcs,Unsold,48.0
2026-04-10,Prepared Food,P019,8.0,pcs,Unsold,128.0
2026-04-10,Prepared Food,P013,8.0,portions,Leftover,164.0
2026-04-11,Raw Material,ING004,0.38,kg,Spoilage,22.8
2026-04-11,Raw Material,ING012,0.42,kg,Spoilage,134.4
2026-04-11,Raw Material,ING030,3.0,pkt,Spoilage,105.0
2026-04-11,Prepared Food,P006,2.0,pcs,Leftover,16.2
2026-04-11,Prepared Food,P021,5.0,pcs,Leftover,120.0
2026-04-11,Prepared Food,P017,8.0,portions,Unsold,200.0
2026-04-12,Raw Material,ING007,0.52,kg,Spoilage,36.4
2026-04-12,Raw Material,ING031,1.0,pkt,Spoilage,30.0
2026-04-12,Raw Material,ING013,1.26,kg,Spoilage,75.6
2026-04-12,Raw Material,ING012,1.64,kg,Expiry,524.8
2026-04-12,Raw Material,ING011,1.2,L,Spoilage,67.2
2026-04-12,Prepared Food,P021,7.0,pcs,Unsold,168.0
2026-04-12,Prepared Food,P006,8.0,pcs,Leftover,64.8
2026-04-12,Prepared Food,P012,7.0,portions,Leftover,217.0
2026-04-12,Prepared Food,P017,6.0,portions,Unsold,150.0
2026-04-12,Prepared Food,P015,4.0,portions,Unsold,140.0
2026-04-13,Raw Material,ING004,1.68,kg,Spoilage,100.8
2026-04-13,Raw Material,ING013,1.68,kg,Spoilage,100.8
2026-04-13,Raw Material,ING031,3.0,pkt,Spoilage,90.0
2026-04-13,Prepared Food,P006,6.0,pcs,Leftover,48.6
2026-04-13,Prepared Food,P021,2.0,pcs,Leftover,48.0
2026-04-13,Prepared Food,P018,3.0,portions,Unsold,63.0
2026-04-13,Prepared Food,P014,5.0,portions,Unsold,80.0
2026-04-13,Prepared Food,P012,2.0,portions,Unsold,62.0
2026-04-14,Raw Material,ING011,1.74,L,Expiry,97.44
2026-04-14,Raw Material,ING006,0.46,kg,Spoilage,23.0
2026-04-14,Raw Material,ING007,1.12,kg,Spoilage,78.4
2026-04-14,Prepared Food,P006,7.0,pcs,Unsold,56.7
2026-04-14,Prepared Food,P011,2.0,pcs,Unsold,15.0
2026-04-14,Prepared Food,P012,2.0,portions,Unsold,62.0
2026-04-14,Prepared Food,P013,2.0,portions,Leftover,41.0
2026-04-15,Raw Material,ING007,0.5,kg,Spoilage,35.0
2026-04-15,Raw Material,ING030,2.0,pkt,Spoilage,70.0
2026-04-15,Raw Material,ING011,1.76,L,Spoilage,98.56
2026-04-15,Prepared Food,P021,2.0,pcs,Leftover,48.0
2026-04-15,Prepared Food,P005,4.0,pcs,Leftover,24.8
2026-04-15,Prepared Food,P013,6.0,portions,Leftover,123.0
2026-04-15,Prepared Food,P018,7.0,portions,Unsold,147.0
2026-04-16,Raw Material,ING011,0.74,L,Spoilage,41.44
2026-04-16,Raw Material,ING003,0.36,kg,Spoilage,10.8
2026-04-16,Raw Material,ING006,1.53,kg,Spoilage,76.5
2026-04-16,Prepared Food,P021,3.0,pcs,Leftover,72.0
2026-04-16,Prepared Food,P007,8.0,pcs,Leftover,73.6
2026-04-16,Prepared Food,P014,5.0,portions,Unsold,80.0
2026-04-16,Prepared Food,P012,6.0,portions,Leftover,186.0
2026-04-16,Prepared Food,P013,3.0,portions,Unsold,61.5
2026-04-17,Raw Material,ING013,0.41,kg,Spoilage,24.6
2026-04-17,Raw Material,ING030,1.0,pkt,Spoilage,35.0
2026-04-17,Raw Material,ING006,1.26,kg,Spoilage,63.0
2026-04-17,Raw Material,ING031,3.0,pkt,Spoilage,90.0
2026-04-17,Prepared Food,P007,3.0,pcs,Leftover,27.6
2026-04-17,Prepared Food,P005,7.0,pcs,Leftover,43.4
2026-04-17,Prepared Food,P017,8.0,portions,Leftover,200.0
2026-04-17,Prepared Food,P013,3.0,portions,Leftover,61.5
2026-04-17,Prepared Food,P014,8.0,portions,Leftover,128.0
2026-04-18,Raw Material,ING007,0.57,kg,Spoilage,39.9
2026-04-18,Raw Material,ING004,1.32,kg,Spoilage,79.2
2026-04-18,Raw Material,ING030,2.0,pkt,Spoilage,70.0
2026-04-18,Prepared Food,P021,7.0,pcs,Leftover,168.0
2026-04-18,Prepared Food,P005,5.0,pcs,Unsold,31.0
2026-04-18,Prepared Food,P014,5.0,portions,Leftover,80.0
2026-04-18,Prepared Food,P013,5.0,portions,Unsold,102.5
2026-04-18,Prepared Food,P016,7.0,portions,Leftover,192.5
2026-04-19,Raw Material,ING013,1.08,kg,Spoilage,64.8
2026-04-19,Raw Material,ING007,1.51,kg,Spoilage,105.7
2026-04-19,Raw Material,ING012,0.32,kg,Spoilage,102.4
2026-04-19,Prepared Food,P005,7.0,pcs,Unsold,43.4
2026-04-19,Prepared Food,P011,3.0,pcs,Unsold,22.5
2026-04-19,Prepared Food,P016,7.0,portions,Unsold,192.5
2026-04-19,Prepared Food,P013,4.0,portions,Leftover,82.0
2026-04-20,Raw Material,ING004,0.8,kg,Spoilage,48.0
2026-04-20,Raw Material,ING012,1.71,kg,Spoilage,547.2
2026-04-20,Raw Material,ING011,0.91,L,Spoilage,50.96
2026-04-20,Raw Material,ING003,0.53,kg,Spoilage,15.9
2026-04-20,Raw Material,ING031,3.0,pkt,Expiry,90.0
2026-04-20,Prepared Food,P007,4.0,pcs,Unsold,36.8
2026-04-20,Prepared Food,P005,5.0,pcs,Leftover,31.0
2026-04-20,Prepared Food,P016,6.0,portions,Unsold,165.0
2026-04-21,Raw Material,ING032,3.0,pkt,Spoilage,105.0
2026-04-21,Raw Material,ING010,1.11,kg,Spoilage,88.8
2026-04-21,Raw Material,ING007,1.48,kg,Spoilage,103.6
2026-04-21,Raw Material,ING012,1.73,kg,Spoilage,553.6
2026-04-21,Raw Material,ING031,1.0,pkt,Expiry,30.0
2026-04-21,Prepared Food,P020,7.0,pcs,Leftover,164.5
2026-04-21,Prepared Food,P021,6.0,pcs,Leftover,144.0
2026-04-21,Prepared Food,P012,7.0,portions,Leftover,217.0
2026-04-21,Prepared Food,P016,4.0,portions,Unsold,110.0
2026-04-21,Prepared Food,P013,8.0,portions,Leftover,164.0
2026-04-22,Raw Material,ING030,2.0,pkt,Spoilage,70.0
2026-04-22,Raw Material,ING032,2.0,pkt,Spoilage,70.0
2026-04-22,Raw Material,ING004,1.24,kg,Spoilage,74.4
2026-04-22,Raw Material,ING031,1.0,pkt,Spoilage,30.0
2026-04-22,Raw Material,ING006,1.34,kg,Spoilage,67.0
2026-04-22,Prepared Food,P022,5.0,pcs,Leftover,45.0
2026-04-22,Prepared Food,P005,5.0,pcs,Leftover,31.0
2026-04-22,Prepared Food,P014,6.0,portions,Unsold,96.0
2026-04-22,Prepared Food,P013,2.0,portions,Unsold,41.0
2026-04-22,Prepared Food,P017,4.0,portions,Leftover,100.0
2026-04-23,Raw Material,ING031,2.0,pkt,Spoilage,60.0
2026-04-23,Raw Material,ING004,0.88,kg,Spoilage,52.8
2026-04-23,Raw Material,ING013,0.52,kg,Spoilage,31.2
2026-04-23,Raw Material,ING030,3.0,pkt,Spoilage,105.0
2026-04-23,Prepared Food,P021,8.0,pcs,Unsold,192.0
2026-04-23,Prepared Food,P019,4.0,pcs,Unsold,64.0
2026-04-23,Prepared Food,P015,5.0,portions,Unsold,175.0
2026-04-24,Raw Material,ING032,3.0,pkt,Spoilage,105.0
2026-04-24,Raw Material,ING030,1.0,pkt,Spoilage,35.0
2026-04-24,Raw Material,ING011,1.49,L,Spoilage,83.44
2026-04-24,Raw Material,ING003,0.85,kg,Spoilage,25.5
2026-04-24,Raw Material,ING007,1.34,kg,Spoilage,93.8
2026-04-24,Prepared Food,P005,8.0,pcs,Leftover,49.6
2026-04-24,Prepared Food,P020,5.0,pcs,Leftover,117.5
2026-04-24,Prepared Food,P018,7.0,portions,Leftover,147.0
2026-04-25,Raw Material,ING003,0.72,kg,Spoilage,21.6
2026-04-25,Raw Material,ING032,3.0,pkt,Spoilage,105.0
2026-04-25,Raw Material,ING004,0.56,kg,Spoilage,33.6
2026-04-25,Raw Material,ING006,1.42,kg,Spoilage,71.0
2026-04-25,Prepared Food,P020,5.0,pcs,Leftover,117.5
2026-04-25,Prepared Food,P007,3.0,pcs,Leftover,27.6
2026-04-25,Prepared Food,P014,4.0,portions,Unsold,64.0
2026-04-25,Prepared Food,P013,3.0,portions,Leftover,61.5
2026-04-25,Prepared Food,P016,7.0,portions,Unsold,192.5
2026-04-26,Raw Material,ING030,2.0,pkt,Spoilage,70.0
2026-04-26,Raw Material,ING031,1.0,pkt,Spoilage,30.0
2026-04-26,Raw Material,ING010,1.6,kg,Spoilage,128.0
2026-04-26,Prepared Food,P011,3.0,pcs,Leftover,22.5
2026-04-26,Prepared Food,P019,2.0,pcs,Leftover,32.0
2026-04-26,Prepared Food,P016,3.0,portions,Leftover,82.5
2026-04-26,Prepared Food,P012,7.0,portions,Leftover,217.0
2026-04-26,Prepared Food,P014,3.0,portions,Leftover,48.0
2026-04-27,Raw Material,ING006,1.72,kg,Spoilage,86.0
2026-04-27,Raw Material,ING031,3.0,pkt,Expiry,90.0
2026-04-27,Raw Material,ING032,1.0,pkt,Spoilage,35.0
2026-04-27,Raw Material,ING012,1.21,kg,Expiry,387.2
2026-04-27,Prepared Food,P020,6.0,pcs,Unsold,141.0
2026-04-27,Prepared Food,P005,4.0,pcs,Leftover,24.8
2026-04-27,Prepared Food,P013,2.0,portions,Leftover,41.0
2026-04-27,Prepared Food,P016,6.0,portions,Leftover,165.0
2026-04-28,Raw Material,ING030,2.0,pkt,Spoilage,70.0
2026-04-28,Raw Material,ING011,0.73,L,Spoilage,40.88
2026-04-28,Raw Material,ING003,0.69,kg,Spoilage,20.7
2026-04-28,Raw Material,ING031,2.0,pkt,Expiry,60.0
2026-04-28,Prepared Food,P006,8.0,pcs,Unsold,64.8
2026-04-28,Prepared Food,P020,5.0,pcs,Unsold,117.5
2026-04-28,Prepared Food,P016,3.0,portions,Leftover,82.5
2026-04-28,Prepared Food,P018,3.0,portions,Unsold,63.0
2026-04-29,Raw Material,ING011,1.56,L,Expiry,87.36
2026-04-29,Raw Material,ING031,2.0,pkt,Expiry,60.0
2026-04-29,Raw Material,ING007,0.43,kg,Spoilage,30.1
2026-04-29,Raw Material,ING010,0.74,kg,Spoilage,59.2
2026-04-29,Raw Material,ING012,1.54,kg,Expiry,492.8
2026-04-29,Prepared Food,P011,6.0,pcs,Leftover,45.0
2026-04-29,Prepared Food,P005,8.0,pcs,Unsold,49.6
2026-04-29,Prepared Food,P013,5.0,portions,Leftover,102.5
2026-04-29,Prepared Food,P017,3.0,portions,Unsold,75.0
2026-04-29,Prepared Food,P018,5.0,portions,Leftover,105.0
2026-04-30,Raw Material,ING003,1.35,kg,Spoilage,40.5
2026-04-30,Raw Material,ING031,1.0,pkt,Spoilage,30.0
2026-04-30,Raw Material,ING010,0.73,kg,Spoilage,58.4
2026-04-30,Raw Material,ING006,1.45,kg,Spoilage,72.5
2026-04-30,Prepared Food,P006,3.0,pcs,Leftover,24.3
2026-04-30,Prepared Food,P005,5.0,pcs,Leftover,31.0
2026-04-30,Prepared Food,P018,7.0,portions,Unsold,147.0
2026-05-01,Raw Material,ING013,1.02,kg,Spoilage,61.2
2026-05-01,Raw Material,ING030,2.0,pkt,Spoilage,70.0
2026-05-01,Raw Material,ING003,0.84,kg,Spoilage,25.2
2026-05-01,Raw Material,ING006,0.65,kg,Spoilage,32.5
2026-05-01,Raw Material,ING012,1.14,kg,Spoilage,364.8
2026-05-01,Prepared Food,P020,5.0,pcs,Leftover,117.5
2026-05-01,Prepared Food,P011,4.0,pcs,Unsold,30.0
2026-05-01,Prepared Food,P013,8.0,portions,Leftover,164.0
2026-05-01,Prepared Food,P018,6.0,portions,Leftover,126.0
2026-05-01,Prepared Food,P014,4.0,portions,Leftover,64.0
2026-05-02,Raw Material,ING006,1.77,kg,Spoilage,88.5
2026-05-02,Raw Material,ING013,1.64,kg,Spoilage,98.4
2026-05-02,Raw Material,ING011,1.25,L,Expiry,70.0
2026-05-02,Raw Material,ING030,3.0,pkt,Spoilage,105.0
2026-05-02,Prepared Food,P021,8.0,pcs,Leftover,192.0
2026-05-02,Prepared Food,P007,3.0,pcs,Leftover,27.6
2026-05-02,Prepared Food,P018,4.0,portions,Unsold,84.0
2026-05-03,Raw Material,ING004,1.7,kg,Spoilage,102.0
2026-05-03,Raw Material,ING012,0.36,kg,Expiry,115.2
2026-05-03,Raw Material,ING011,0.76,L,Expiry,42.56
2026-05-03,Raw Material,ING003,1.26,kg,Spoilage,37.8
2026-05-03,Raw Material,ING032,3.0,pkt,Spoilage,105.0
2026-05-03,Prepared Food,P011,7.0,pcs,Unsold,52.5
2026-05-03,Prepared Food,P005,8.0,pcs,Unsold,49.6
2026-05-03,Prepared Food,P013,8.0,portions,Leftover,164.0
2026-05-04,Raw Material,ING007,1.02,kg,Spoilage,71.4
2026-05-04,Raw Material,ING003,1.08,kg,Spoilage,32.4
2026-05-04,Raw Material,ING011,0.94,L,Spoilage,52.64
2026-05-04,Raw Material,ING030,3.0,pkt,Spoilage,105.0
2026-05-04,Prepared Food,P007,4.0,pcs,Leftover,36.8
2026-05-04,Prepared Food,P020,8.0,pcs,Leftover,188.0
2026-05-04,Prepared Food,P012,5.0,portions,Leftover,155.0
2026-05-05,Raw Material,ING013,0.97,kg,Spoilage,58.2
2026-05-05,Raw Material,ING006,1.26,kg,Spoilage,63.0
2026-05-05,Raw Material,ING032,2.0,pkt,Spoilage,70.0
2026-05-05,Raw Material,ING007,1.38,kg,Spoilage,96.6
2026-05-05,Raw Material,ING030,2.0,pkt,Spoilage,70.0
2026-05-05,Prepared Food,P021,8.0,pcs,Leftover,192.0
2026-05-05,Prepared Food,P006,4.0,pcs,Unsold,32.4
2026-05-05,Prepared Food,P017,3.0,portions,Leftover,75.0
2026-05-05,Prepared Food,P012,6.0,portions,Unsold,186.0
2026-05-05,Prepared Food,P013,8.0,portions,Unsold,164.0
2026-05-06,Raw Material,ING030,1.0,pkt,Spoilage,35.0
2026-05-06,Raw Material,ING004,1.55,kg,Spoilage,93.0
2026-05-06,Raw Material,ING006,0.49,kg,Spoilage,24.5
2026-05-06,Prepared Food,P007,2.0,pcs,Unsold,18.4
2026-05-06,Prepared Food,P021,7.0,pcs,Leftover,168.0
2026-05-06,Prepared Food,P017,2.0,portions,Unsold,50.0
2026-05-06,Prepared Food,P012,5.0,portions,Unsold,155.0
2026-05-06,Prepared Food,P014,5.0,portions,Leftover,80.0
2026-05-07,Raw Material,ING030,1.0,pkt,Spoilage,35.0
2026-05-07,Raw Material,ING013,1.1,kg,Spoilage,66.0
2026-05-07,Raw Material,ING011,0.91,L,Spoilage,50.96
2026-05-07,Prepared Food,P006,8.0,pcs,Unsold,64.8
2026-05-07,Prepared Food,P020,4.0,pcs,Unsold,94.0
2026-05-07,Prepared Food,P015,5.0,portions,Leftover,175.0
2026-05-08,Raw Material,ING011,0.53,L,Expiry,29.68
2026-05-08,Raw Material,ING030,3.0,pkt,Spoilage,105.0
2026-05-08,Raw Material,ING010,1.71,kg,Spoilage,136.8
2026-05-08,Raw Material,ING013,0.79,kg,Spoilage,47.4
2026-05-08,Prepared Food,P006,5.0,pcs,Leftover,40.5
2026-05-08,Prepared Food,P019,7.0,pcs,Unsold,112.0
2026-05-08,Prepared Food,P018,5.0,portions,Unsold,105.0
2026-05-08,Prepared Food,P017,6.0,portions,Unsold,150.0
2026-05-09,Raw Material,ING013,0.56,kg,Spoilage,33.6
2026-05-09,Raw Material,ING004,0.99,kg,Spoilage,59.4
2026-05-09,Raw Material,ING032,1.0,pkt,Spoilage,35.0
2026-05-09,Prepared Food,P011,8.0,pcs,Unsold,60.0
2026-05-09,Prepared Food,P022,4.0,pcs,Unsold,36.0
2026-05-09,Prepared Food,P018,3.0,portions,Unsold,63.0
2026-05-09,Prepared Food,P017,6.0,portions,Unsold,150.0
2026-05-09,Prepared Food,P013,7.0,portions,Unsold,143.5
2026-05-10,Raw Material,ING004,1.26,kg,Spoilage,75.6
2026-05-10,Raw Material,ING012,1.13,kg,Expiry,361.6
2026-05-10,Raw Material,ING011,0.55,L,Expiry,30.8
2026-05-10,Raw Material,ING032,3.0,pkt,Spoilage,105.0
2026-05-10,Prepared Food,P020,4.0,pcs,Unsold,94.0
2026-05-10,Prepared Food,P022,4.0,pcs,Leftover,36.0
2026-05-10,Prepared Food,P013,2.0,portions,Leftover,41.0
2026-05-11,Raw Material,ING032,1.0,pkt,Spoilage,35.0
2026-05-11,Raw Material,ING013,1.51,kg,Spoilage,90.6
2026-05-11,Raw Material,ING031,1.0,pkt,Expiry,30.0
2026-05-11,Raw Material,ING007,1.16,kg,Spoilage,81.2
2026-05-11,Prepared Food,P019,3.0,pcs,Unsold,48.0
2026-05-11,Prepared Food,P021,6.0,pcs,Leftover,144.0
2026-05-11,Prepared Food,P014,2.0,portions,Leftover,32.0
2026-05-11,Prepared Food,P016,6.0,portions,Unsold,165.0
2026-05-11,Prepared Food,P015,5.0,portions,Unsold,175.0
2026-05-12,Raw Material,ING003,1.3,kg,Spoilage,39.0
2026-05-12,Raw Material,ING011,1.44,L,Spoilage,80.64
2026-05-12,Raw Material,ING007,1.67,kg,Spoilage,116.9
2026-05-12,Prepared Food,P006,3.0,pcs,Leftover,24.3
2026-05-12,Prepared Food,P022,3.0,pcs,Unsold,27.0
2026-05-12,Prepared Food,P015,2.0,portions,Unsold,70.0
2026-05-13,Raw Material,ING006,0.58,kg,Spoilage,29.0
2026-05-13,Raw Material,ING011,0.37,L,Expiry,20.72
2026-05-13,Raw Material,ING012,1.03,kg,Spoilage,329.6
2026-05-13,Raw Material,ING003,1.52,kg,Spoilage,45.6
2026-05-13,Raw Material,ING010,1.33,kg,Spoilage,106.4
2026-05-13,Prepared Food,P022,4.0,pcs,Leftover,36.0
2026-05-13,Prepared Food,P019,7.0,pcs,Unsold,112.0
2026-05-13,Prepared Food,P016,7.0,portions,Leftover,192.5
2026-05-14,Raw Material,ING006,1.5,kg,Spoilage,75.0
2026-05-14,Raw Material,ING007,1.68,kg,Spoilage,117.6
2026-05-14,Raw Material,ING030,1.0,pkt,Spoilage,35.0
2026-05-14,Raw Material,ING012,0.72,kg,Expiry,230.4
2026-05-14,Raw Material,ING003,0.75,kg,Spoilage,22.5
2026-05-14,Prepared Food,P021,2.0,pcs,Leftover,48.0
2026-05-14,Prepared Food,P020,2.0,pcs,Leftover,47.0
2026-05-14,Prepared Food,P012,8.0,portions,Leftover,248.0
2026-05-14,Prepared Food,P016,3.0,portions,Unsold,82.5
2026-05-15,Raw Material,ING004,1.69,kg,Spoilage,101.4
2026-05-15,Raw Material,ING003,1.71,kg,Spoilage,51.3
2026-05-15,Raw Material,ING006,1.42,kg,Spoilage,71.0
2026-05-15,Raw Material,ING030,3.0,pkt,Spoilage,105.0
2026-05-15,Raw Material,ING012,0.75,kg,Expiry,240.0
2026-05-15,Prepared Food,P022,2.0,pcs,Unsold,18.0
2026-05-15,Prepared Food,P007,2.0,pcs,Unsold,18.4
2026-05-15,Prepared Food,P017,5.0,portions,Leftover,125.0
2026-05-15,Prepared Food,P018,3.0,portions,Unsold,63.0
2026-05-15,Prepared Food,P016,2.0,portions,Leftover,55.0
2026-05-16,Raw Material,ING006,0.53,kg,Spoilage,26.5
2026-05-16,Raw Material,ING012,0.48,kg,Expiry,153.6
2026-05-16,Raw Material,ING003,1.33,kg,Spoilage,39.9
2026-05-16,Raw Material,ING032,3.0,pkt,Spoilage,105.0
2026-05-16,Raw Material,ING011,0.92,L,Spoilage,51.52
2026-05-16,Prepared Food,P007,2.0,pcs,Unsold,18.4
2026-05-16,Prepared Food,P005,5.0,pcs,Unsold,31.0
2026-05-16,Prepared Food,P012,2.0,portions,Leftover,62.0
2026-05-17,Raw Material,ING003,0.97,kg,Spoilage,29.1
2026-05-17,Raw Material,ING004,1.38,kg,Spoilage,82.8
2026-05-17,Raw Material,ING032,3.0,pkt,Spoilage,105.0
2026-05-17,Prepared Food,P022,2.0,pcs,Unsold,18.0
2026-05-17,Prepared Food,P006,6.0,pcs,Leftover,48.6
2026-05-17,Prepared Food,P013,5.0,portions,Unsold,102.5
2026-05-18,Raw Material,ING007,0.98,kg,Spoilage,68.6
2026-05-18,Raw Material,ING030,3.0,pkt,Spoilage,105.0
2026-05-18,Raw Material,ING003,1.52,kg,Spoilage,45.6
2026-05-18,Raw Material,ING006,1.46,kg,Spoilage,73.0
2026-05-18,Prepared Food,P006,2.0,pcs,Unsold,16.2
2026-05-18,Prepared Food,P022,4.0,pcs,Unsold,36.0
2026-05-18,Prepared Food,P018,8.0,portions,Unsold,168.0
2026-05-18,Prepared Food,P014,7.0,portions,Leftover,112.0
2026-05-19,Raw Material,ING011,0.86,L,Spoilage,48.16
2026-05-19,Raw Material,ING003,0.33,kg,Spoilage,9.9
2026-05-19,Raw Material,ING032,3.0,pkt,Spoilage,105.0
2026-05-19,Raw Material,ING006,0.59,kg,Spoilage,29.5
2026-05-19,Raw Material,ING004,1.57,kg,Spoilage,94.2
2026-05-19,Prepared Food,P020,8.0,pcs,Unsold,188.0
2026-05-19,Prepared Food,P022,8.0,pcs,Unsold,72.0
2026-05-19,Prepared Food,P015,7.0,portions,Unsold,245.0
2026-05-20,Raw Material,ING031,1.0,pkt,Expiry,30.0
2026-05-20,Raw Material,ING011,0.98,L,Expiry,54.88
2026-05-20,Raw Material,ING006,0.51,kg,Spoilage,25.5
2026-05-20,Raw Material,ING013,0.59,kg,Spoilage,35.4
2026-05-20,Raw Material,ING012,1.12,kg,Spoilage,358.4
2026-05-20,Prepared Food,P020,4.0,pcs,Unsold,94.0
2026-05-20,Prepared Food,P011,7.0,pcs,Unsold,52.5
2026-05-20,Prepared Food,P014,2.0,portions,Unsold,32.0
2026-05-20,Prepared Food,P013,5.0,portions,Unsold,102.5
2026-05-20,Prepared Food,P017,5.0,portions,Unsold,125.0
2026-05-21,Raw Material,ING031,2.0,pkt,Expiry,60.0
2026-05-21,Raw Material,ING006,0.72,kg,Spoilage,36.0
2026-05-21,Raw Material,ING013,0.55,kg,Spoilage,33.0
2026-05-21,Prepared Food,P005,5.0,pcs,Unsold,31.0
2026-05-21,Prepared Food,P011,8.0,pcs,Leftover,60.0
2026-05-21,Prepared Food,P017,5.0,portions,Unsold,125.0
2026-05-21,Prepared Food,P018,3.0,portions,Unsold,63.0
2026-05-22,Raw Material,ING030,2.0,pkt,Spoilage,70.0
2026-05-22,Raw Material,ING004,0.69,kg,Spoilage,41.4
2026-05-22,Raw Material,ING011,1.54,L,Spoilage,86.24
2026-05-22,Prepared Food,P005,2.0,pcs,Leftover,12.4
2026-05-22,Prepared Food,P006,2.0,pcs,Unsold,16.2
2026-05-22,Prepared Food,P017,2.0,portions,Unsold,50.0
2026-05-22,Prepared Food,P018,5.0,portions,Leftover,105.0
2026-05-23,Raw Material,ING032,2.0,pkt,Spoilage,70.0
2026-05-23,Raw Material,ING013,1.23,kg,Spoilage,73.8
2026-05-23,Raw Material,ING011,1.19,L,Expiry,66.64
2026-05-23,Raw Material,ING012,0.82,kg,Spoilage,262.4
2026-05-23,Prepared Food,P019,5.0,pcs,Leftover,80.0
2026-05-23,Prepared Food,P011,3.0,pcs,Unsold,22.5
2026-05-23,Prepared Food,P018,5.0,portions,Leftover,105.0
2026-05-23,Prepared Food,P013,2.0,portions,Leftover,41.0
2026-05-23,Prepared Food,P017,2.0,portions,Unsold,50.0
2026-05-24,Raw Material,ING004,0.34,kg,Spoilage,20.4
2026-05-24,Raw Material,ING030,3.0,pkt,Spoilage,105.0
2026-05-24,Raw Material,ING032,2.0,pkt,Spoilage,70.0
2026-05-24,Raw Material,ING003,1.13,kg,Spoilage,33.9
2026-05-24,Raw Material,ING031,2.0,pkt,Expiry,60.0
2026-05-24,Prepared Food,P019,3.0,pcs,Leftover,48.0
2026-05-24,Prepared Food,P021,6.0,pcs,Leftover,144.0
2026-05-24,Prepared Food,P012,6.0,portions,Unsold,186.0
2026-05-25,Raw Material,ING004,0.46,kg,Spoilage,27.6
2026-05-25,Raw Material,ING011,1.6,L,Spoilage,89.6
2026-05-25,Raw Material,ING013,0.46,kg,Spoilage,27.6
2026-05-25,Prepared Food,P020,6.0,pcs,Unsold,141.0
2026-05-25,Prepared Food,P022,5.0,pcs,Unsold,45.0
2026-05-25,Prepared Food,P012,2.0,portions,Leftover,62.0
2026-05-25,Prepared Food,P015,2.0,portions,Unsold,70.0
2026-05-25,Prepared Food,P018,7.0,portions,Leftover,147.0
2026-05-26,Raw Material,ING004,0.84,kg,Spoilage,50.4
2026-05-26,Raw Material,ING003,1.1,kg,Spoilage,33.0
2026-05-26,Raw Material,ING010,0.71,kg,Spoilage,56.8
2026-05-26,Prepared Food,P019,2.0,pcs,Unsold,32.0
2026-05-26,Prepared Food,P006,2.0,pcs,Unsold,16.2
2026-05-26,Prepared Food,P018,6.0,portions,Unsold,126.0
2026-05-26,Prepared Food,P015,3.0,portions,Leftover,105.0
2026-05-27,Raw Material,ING030,3.0,pkt,Spoilage,105.0
2026-05-27,Raw Material,ING011,0.68,L,Spoilage,38.08
2026-05-27,Raw Material,ING013,0.34,kg,Spoilage,20.4
2026-05-27,Raw Material,ING012,0.31,kg,Expiry,99.2
2026-05-27,Prepared Food,P011,3.0,pcs,Leftover,22.5
2026-05-27,Prepared Food,P020,4.0,pcs,Leftover,94.0
2026-05-27,Prepared Food,P018,5.0,portions,Leftover,105.0
2026-05-27,Prepared Food,P013,8.0,portions,Leftover,164.0
2026-05-27,Prepared Food,P016,2.0,portions,Unsold,55.0
2026-05-28,Raw Material,ING004,1.35,kg,Spoilage,81.0
2026-05-28,Raw Material,ING030,2.0,pkt,Spoilage,70.0
2026-05-28,Raw Material,ING007,0.33,kg,Spoilage,23.1
2026-05-28,Raw Material,ING006,0.39,kg,Spoilage,19.5
2026-05-28,Prepared Food,P019,4.0,pcs,Leftover,64.0
2026-05-28,Prepared Food,P011,8.0,pcs,Unsold,60.0
2026-05-28,Prepared Food,P015,8.0,portions,Unsold,280.0
2026-05-28,Prepared Food,P018,2.0,portions,Unsold,42.0
2026-05-28,Prepared Food,P012,6.0,portions,Leftover,186.0
2026-05-29,Raw Material,ING013,0.33,kg,Spoilage,19.8
2026-05-29,Raw Material,ING004,1.28,kg,Spoilage,76.8
2026-05-29,Raw Material,ING010,1.18,kg,Spoilage,94.4
2026-05-29,Raw Material,ING003,1.12,kg,Spoilage,33.6
2026-05-29,Prepared Food,P006,4.0,pcs,Unsold,32.4
2026-05-29,Prepared Food,P021,7.0,pcs,Unsold,168.0
2026-05-29,Prepared Food,P017,4.0,portions,Unsold,100.0
2026-05-29,Prepared Food,P016,2.0,portions,Unsold,55.0
2026-05-29,Prepared Food,P014,6.0,portions,Leftover,96.0
2026-05-30,Raw Material,ING003,1.47,kg,Spoilage,44.1
2026-05-30,Raw Material,ING031,2.0,pkt,Spoilage,60.0
2026-05-30,Raw Material,ING010,1.26,kg,Spoilage,100.8
2026-05-30,Raw Material,ING013,1.27,kg,Spoilage,76.2
2026-05-30,Raw Material,ING007,0.6,kg,Spoilage,42.0
2026-05-30,Prepared Food,P022,2.0,pcs,Leftover,18.0
2026-05-30,Prepared Food,P020,5.0,pcs,Leftover,117.5
2026-05-30,Prepared Food,P012,3.0,portions,Unsold,93.0
2026-05-30,Prepared Food,P015,5.0,portions,Unsold,175.0
2026-05-30,Prepared Food,P017,2.0,portions,Leftover,50.0
2026-05-31,Raw Material,ING031,2.0,pkt,Spoilage,60.0
2026-05-31,Raw Material,ING010,0.96,kg,Spoilage,76.8
2026-05-31,Raw Material,ING007,0.62,kg,Spoilage,43.4
2026-05-31,Raw Material,ING030,3.0,pkt,Spoilage,105.0
2026-05-31,Prepared Food,P019,8.0,pcs,Leftover,128.0
2026-05-31,Prepared Food,P022,2.0,pcs,Unsold,18.0
2026-05-31,Prepared Food,P016,3.0,portions,Leftover,82.5
2026-05-31,Prepared Food,P012,8.0,portions,Leftover,248.0
2026-06-01,Raw Material,ING003,0.99,kg,Spoilage,29.7
2026-06-01,Raw Material,ING007,1.66,kg,Spoilage,116.2
2026-06-01,Raw Material,ING013,1.57,kg,Spoilage,94.2
2026-06-01,Raw Material,ING032,1.0,pkt,Spoilage,35.0
2026-06-01,Raw Material,ING010,0.43,kg,Spoilage,34.4
2026-06-01,Prepared Food,P005,7.0,pcs,Unsold,43.4
2026-06-01,Prepared Food,P021,2.0,pcs,Leftover,48.0
2026-06-01,Prepared Food,P013,3.0,portions,Unsold,61.5
2026-06-02,Raw Material,ING031,1.0,pkt,Spoilage,30.0
2026-06-02,Raw Material,ING032,1.0,pkt,Spoilage,35.0
2026-06-02,Raw Material,ING030,2.0,pkt,Spoilage,70.0
2026-06-02,Raw Material,ING013,1.74,kg,Spoilage,104.4
2026-06-02,Prepared Food,P019,4.0,pcs,Leftover,64.0
2026-06-02,Prepared Food,P020,6.0,pcs,Leftover,141.0
2026-06-02,Prepared Food,P016,3.0,portions,Unsold,82.5
2026-06-02,Prepared Food,P012,5.0,portions,Unsold,155.0
2026-06-02,Prepared Food,P017,6.0,portions,Leftover,150.0
2026-06-03,Raw Material,ING007,1.7,kg,Spoilage,119.0
2026-06-03,Raw Material,ING031,1.0,pkt,Spoilage,30.0
2026-06-03,Raw Material,ING013,1.52,kg,Spoilage,91.2
2026-06-03,Raw Material,ING011,0.37,L,Expiry,20.72
2026-06-03,Raw Material,ING032,2.0,pkt,Spoilage,70.0
2026-06-03,Prepared Food,P020,5.0,pcs,Unsold,117.5
2026-06-03,Prepared Food,P011,4.0,pcs,Unsold,30.0
2026-06-03,Prepared Food,P017,2.0,portions,Leftover,50.0
2026-06-03,Prepared Food,P012,3.0,portions,Unsold,93.0
2026-06-03,Prepared Food,P013,7.0,portions,Leftover,143.5
2026-06-04,Raw Material,ING006,1.39,kg,Spoilage,69.5
2026-06-04,Raw Material,ING031,3.0,pkt,Expiry,90.0
2026-06-04,Raw Material,ING012,1.02,kg,Spoilage,326.4
2026-06-04,Raw Material,ING032,3.0,pkt,Spoilage,105.0
2026-06-04,Raw Material,ING007,0.38,kg,Spoilage,26.6
2026-06-04,Prepared Food,P005,4.0,pcs,Unsold,24.8
2026-06-04,Prepared Food,P019,8.0,pcs,Unsold,128.0
2026-06-04,Prepared Food,P014,2.0,portions,Leftover,32.0
2026-06-04,Prepared Food,P013,5.0,portions,Leftover,102.5
2026-06-05,Raw Material,ING030,2.0,pkt,Spoilage,70.0
2026-06-05,Raw Material,ING007,0.73,kg,Spoilage,51.1
2026-06-05,Raw Material,ING006,1.64,kg,Spoilage,82.0
2026-06-05,Prepared Food,P011,2.0,pcs,Leftover,15.0
2026-06-05,Prepared Food,P007,6.0,pcs,Leftover,55.2
2026-06-05,Prepared Food,P017,3.0,portions,Leftover,75.0
2026-06-05,Prepared Food,P015,7.0,portions,Leftover,245.0
2026-06-06,Raw Material,ING012,0.67,kg,Expiry,214.4
2026-06-06,Raw Material,ING010,0.7,kg,Spoilage,56.0
2026-06-06,Raw Material,ING032,3.0,pkt,Spoilage,105.0
2026-06-06,Prepared Food,P021,3.0,pcs,Leftover,72.0
2026-06-06,Prepared Food,P005,5.0,pcs,Unsold,31.0
2026-06-06,Prepared Food,P014,3.0,portions,Unsold,48.0
2026-06-06,Prepared Food,P015,2.0,portions,Leftover,70.0
2026-06-06,Prepared Food,P016,3.0,portions,Leftover,82.5
2026-06-07,Raw Material,ING031,3.0,pkt,Expiry,90.0
2026-06-07,Raw Material,ING007,0.49,kg,Spoilage,34.3
2026-06-07,Raw Material,ING012,1.16,kg,Spoilage,371.2
2026-06-07,Prepared Food,P011,6.0,pcs,Unsold,45.0
2026-06-07,Prepared Food,P007,5.0,pcs,Unsold,46.0
2026-06-07,Prepared Food,P016,4.0,portions,Unsold,110.0
2026-06-07,Prepared Food,P015,5.0,portions,Leftover,175.0
2026-06-08,Raw Material,ING013,0.94,kg,Spoilage,56.4
2026-06-08,Raw Material,ING031,1.0,pkt,Spoilage,30.0
2026-06-08,Raw Material,ING004,0.43,kg,Spoilage,25.8
2026-06-08,Prepared Food,P006,4.0,pcs,Unsold,32.4
2026-06-08,Prepared Food,P022,8.0,pcs,Unsold,72.0
2026-06-08,Prepared Food,P018,7.0,portions,Unsold,147.0
2026-06-08,Prepared Food,P012,2.0,portions,Leftover,62.0
2026-06-08,Prepared Food,P016,3.0,portions,Unsold,82.5
2026-06-09,Raw Material,ING012,0.37,kg,Spoilage,118.4
2026-06-09,Raw Material,ING003,0.68,kg,Spoilage,20.4
2026-06-09,Raw Material,ING011,0.44,L,Spoilage,24.64
2026-06-09,Raw Material,ING006,0.8,kg,Spoilage,40.0
2026-06-09,Prepared Food,P005,3.0,pcs,Leftover,18.6
2026-06-09,Prepared Food,P006,2.0,pcs,Leftover,16.2
2026-06-09,Prepared Food,P014,5.0,portions,Unsold,80.0
2026-06-09,Prepared Food,P018,7.0,portions,Leftover,147.0
2026-06-09,Prepared Food,P017,8.0,portions,Unsold,200.0
2026-06-10,Raw Material,ING010,1.48,kg,Spoilage,118.4
2026-06-10,Raw Material,ING032,2.0,pkt,Spoilage,70.0
2026-06-10,Raw Material,ING003,0.9,kg,Spoilage,27.0
2026-06-10,Prepared Food,P006,8.0,pcs,Unsold,64.8
2026-06-10,Prepared Food,P011,7.0,pcs,Unsold,52.5
2026-06-10,Prepared Food,P018,6.0,portions,Leftover,126.0
2026-06-10,Prepared Food,P017,6.0,portions,Unsold,150.0
2026-06-10,Prepared Food,P015,8.0,portions,Unsold,280.0
2026-06-11,Raw Material,ING030,1.0,pkt,Spoilage,35.0
2026-06-11,Raw Material,ING006,0.96,kg,Spoilage,48.0
2026-06-11,Raw Material,ING004,0.92,kg,Spoilage,55.2
2026-06-11,Raw Material,ING010,1.57,kg,Spoilage,125.6
2026-06-11,Prepared Food,P006,5.0,pcs,Unsold,40.5
2026-06-11,Prepared Food,P021,4.0,pcs,Leftover,96.0
2026-06-11,Prepared Food,P013,6.0,portions,Leftover,123.0
2026-06-11,Prepared Food,P014,7.0,portions,Unsold,112.0
2026-06-12,Raw Material,ING031,2.0,pkt,Expiry,60.0
2026-06-12,Raw Material,ING030,3.0,pkt,Spoilage,105.0
2026-06-12,Raw Material,ING013,1.64,kg,Spoilage,98.4
2026-06-12,Raw Material,ING010,0.44,kg,Spoilage,35.2
2026-06-12,Raw Material,ING032,2.0,pkt,Spoilage,70.0
2026-06-12,Prepared Food,P019,2.0,pcs,Unsold,32.0
2026-06-12,Prepared Food,P007,6.0,pcs,Unsold,55.2
2026-06-12,Prepared Food,P018,7.0,portions,Unsold,147.0
2026-06-12,Prepared Food,P017,2.0,portions,Unsold,50.0
2026-06-13,Raw Material,ING011,1.01,L,Expiry,56.56
2026-06-13,Raw Material,ING007,0.93,kg,Spoilage,65.1
2026-06-13,Raw Material,ING012,0.64,kg,Spoilage,204.8
2026-06-13,Raw Material,ING003,1.19,kg,Spoilage,35.7
2026-06-13,Raw Material,ING006,1.43,kg,Spoilage,71.5
2026-06-13,Prepared Food,P021,5.0,pcs,Unsold,120.0
2026-06-13,Prepared Food,P006,2.0,pcs,Unsold,16.2
2026-06-13,Prepared Food,P015,4.0,portions,Leftover,140.0
2026-06-13,Prepared Food,P014,6.0,portions,Leftover,96.0
2026-06-14,Raw Material,ING013,0.34,kg,Spoilage,20.4
2026-06-14,Raw Material,ING003,1.28,kg,Spoilage,38.4
2026-06-14,Raw Material,ING031,1.0,pkt,Spoilage,30.0
2026-06-14,Prepared Food,P019,2.0,pcs,Unsold,32.0
2026-06-14,Prepared Food,P022,5.0,pcs,Leftover,45.0
2026-06-14,Prepared Food,P016,7.0,portions,Leftover,192.5
2026-06-14,Prepared Food,P014,8.0,portions,Leftover,128.0
2026-06-15,Raw Material,ING031,2.0,pkt,Expiry,60.0
2026-06-15,Raw Material,ING012,0.32,kg,Expiry,102.4
2026-06-15,Raw Material,ING032,2.0,pkt,Spoilage,70.0
2026-06-15,Raw Material,ING013,0.77,kg,Spoilage,46.2
2026-06-15,Raw Material,ING007,1.6,kg,Spoilage,112.0
2026-06-15,Prepared Food,P022,6.0,pcs,Unsold,54.0
2026-06-15,Prepared Food,P021,8.0,pcs,Leftover,192.0
2026-06-15,Prepared Food,P015,8.0,portions,Leftover,280.0
2026-06-15,Prepared Food,P014,3.0,portions,Leftover,48.0
2026-06-15,Prepared Food,P016,8.0,portions,Unsold,220.0
2026-06-16,Raw Material,ING003,1.47,kg,Spoilage,44.1
2026-06-16,Raw Material,ING012,0.91,kg,Expiry,291.2
2026-06-16,Raw Material,ING006,0.87,kg,Spoilage,43.5
2026-06-16,Raw Material,ING007,0.5,kg,Spoilage,35.0
2026-06-16,Raw Material,ING031,2.0,pkt,Spoilage,60.0
2026-06-16,Prepared Food,P020,7.0,pcs,Leftover,164.5
2026-06-16,Prepared Food,P022,6.0,pcs,Leftover,54.0
2026-06-16,Prepared Food,P014,3.0,portions,Leftover,48.0
2026-06-16,Prepared Food,P012,2.0,portions,Unsold,62.0
2026-06-16,Prepared Food,P017,3.0,portions,Leftover,75.0
2026-06-17,Raw Material,ING006,0.57,kg,Spoilage,28.5
2026-06-17,Raw Material,ING032,2.0,pkt,Spoilage,70.0
2026-06-17,Raw Material,ING010,0.94,kg,Spoilage,75.2
2026-06-17,Prepared Food,P022,4.0,pcs,Leftover,36.0
2026-06-17,Prepared Food,P020,3.0,pcs,Leftover,70.5
2026-06-17,Prepared Food,P017,6.0,portions,Leftover,150.0
2026-06-18,Raw Material,ING003,0.57,kg,Spoilage,17.1
2026-06-18,Raw Material,ING004,1.36,kg,Spoilage,81.6
2026-06-18,Raw Material,ING031,2.0,pkt,Expiry,60.0
2026-06-18,Prepared Food,P019,2.0,pcs,Leftover,32.0
2026-06-18,Prepared Food,P022,8.0,pcs,Unsold,72.0
2026-06-18,Prepared Food,P018,2.0,portions,Unsold,42.0
2026-06-18,Prepared Food,P016,6.0,portions,Leftover,165.0
2026-06-19,Raw Material,ING013,1.61,kg,Spoilage,96.6
2026-06-19,Raw Material,ING032,1.0,pkt,Spoilage,35.0
2026-06-19,Raw Material,ING030,3.0,pkt,Spoilage,105.0
2026-06-19,Raw Material,ING006,1.19,kg,Spoilage,59.5
2026-06-19,Raw Material,ING004,1.71,kg,Spoilage,102.6
2026-06-19,Prepared Food,P022,3.0,pcs,Leftover,27.0
2026-06-19,Prepared Food,P021,8.0,pcs,Leftover,192.0
2026-06-19,Prepared Food,P012,8.0,portions,Leftover,248.0
2026-06-19,Prepared Food,P014,7.0,portions,Unsold,112.0
2026-06-20,Raw Material,ING006,0.61,kg,Spoilage,30.5
2026-06-20,Raw Material,ING004,0.68,kg,Spoilage,40.8
2026-06-20,Raw Material,ING032,3.0,pkt,Spoilage,105.0
2026-06-20,Raw Material,ING003,1.44,kg,Spoilage,43.2
2026-06-20,Prepared Food,P022,4.0,pcs,Leftover,36.0
2026-06-20,Prepared Food,P007,8.0,pcs,Leftover,73.6
2026-06-20,Prepared Food,P013,5.0,portions,Unsold,102.5
2026-06-21,Raw Material,ING032,1.0,pkt,Spoilage,35.0
2026-06-21,Raw Material,ING006,0.76,kg,Spoilage,38.0
2026-06-21,Raw Material,ING011,1.14,L,Expiry,63.84
2026-06-21,Raw Material,ING010,1.43,kg,Spoilage,114.4
2026-06-21,Raw Material,ING013,1.06,kg,Spoilage,63.6
2026-06-21,Prepared Food,P019,2.0,pcs,Unsold,32.0
2026-06-21,Prepared Food,P007,4.0,pcs,Leftover,36.8
2026-06-21,Prepared Food,P018,7.0,portions,Leftover,147.0
2026-06-21,Prepared Food,P014,4.0,portions,Leftover,64.0
2026-06-22,Raw Material,ING011,0.59,L,Expiry,33.04
2026-06-22,Raw Material,ING006,1.7,kg,Spoilage,85.0
2026-06-22,Raw Material,ING007,1.78,kg,Spoilage,124.6
2026-06-22,Raw Material,ING004,0.73,kg,Spoilage,43.8
2026-06-22,Raw Material,ING003,1.11,kg,Spoilage,33.3
2026-06-22,Prepared Food,P022,5.0,pcs,Unsold,45.0
2026-06-22,Prepared Food,P020,8.0,pcs,Leftover,188.0
2026-06-22,Prepared Food,P016,8.0,portions,Leftover,220.0
2026-06-22,Prepared Food,P017,3.0,portions,Unsold,75.0
2026-06-23,Raw Material,ING032,1.0,pkt,Spoilage,35.0
2026-06-23,Raw Material,ING006,1.6,kg,Spoilage,80.0
2026-06-23,Raw Material,ING013,1.13,kg,Spoilage,67.8
2026-06-23,Raw Material,ING031,1.0,pkt,Expiry,30.0
2026-06-23,Raw Material,ING003,1.53,kg,Spoilage,45.9
2026-06-23,Prepared Food,P022,8.0,pcs,Unsold,72.0
2026-06-23,Prepared Food,P007,6.0,pcs,Unsold,55.2
2026-06-23,Prepared Food,P017,3.0,portions,Leftover,75.0
2026-06-23,Prepared Food,P012,4.0,portions,Unsold,124.0
2026-06-24,Raw Material,ING032,3.0,pkt,Spoilage,105.0
2026-06-24,Raw Material,ING007,1.79,kg,Spoilage,125.3
2026-06-24,Raw Material,ING003,1.77,kg,Spoilage,53.1
2026-06-24,Raw Material,ING012,1.12,kg,Expiry,358.4
2026-06-24,Prepared Food,P007,4.0,pcs,Unsold,36.8
2026-06-24,Prepared Food,P022,2.0,pcs,Unsold,18.0
2026-06-24,Prepared Food,P016,6.0,portions,Unsold,165.0
2026-06-24,Prepared Food,P013,7.0,portions,Unsold,143.5
2026-06-24,Prepared Food,P014,5.0,portions,Leftover,80.0
2026-06-25,Raw Material,ING010,0.82,kg,Spoilage,65.6
2026-06-25,Raw Material,ING030,1.0,pkt,Spoilage,35.0
2026-06-25,Raw Material,ING004,0.72,kg,Spoilage,43.2
2026-06-25,Raw Material,ING012,1.31,kg,Expiry,419.2
2026-06-25,Prepared Food,P020,8.0,pcs,Unsold,188.0
2026-06-25,Prepared Food,P007,7.0,pcs,Leftover,64.4
2026-06-25,Prepared Food,P014,5.0,portions,Unsold,80.0
2026-06-25,Prepared Food,P015,5.0,portions,Unsold,175.0
2026-06-25,Prepared Food,P012,2.0,portions,Unsold,62.0
2026-06-26,Raw Material,ING032,3.0,pkt,Spoilage,105.0
2026-06-26,Raw Material,ING011,1.05,L,Spoilage,58.8
2026-06-26,Raw Material,ING007,1.29,kg,Spoilage,90.3
2026-06-26,Raw Material,ING004,1.61,kg,Spoilage,96.6
2026-06-26,Raw Material,ING013,1.4,kg,Spoilage,84.0
2026-06-26,Prepared Food,P021,4.0,pcs,Unsold,96.0
2026-06-26,Prepared Food,P019,5.0,pcs,Leftover,80.0
2026-06-26,Prepared Food,P016,8.0,portions,Unsold,220.0
2026-06-26,Prepared Food,P018,2.0,portions,Leftover,42.0
2026-06-26,Prepared Food,P013,8.0,portions,Leftover,164.0
2026-06-27,Raw Material,ING006,0.35,kg,Spoilage,17.5
2026-06-27,Raw Material,ING010,0.43,kg,Spoilage,34.4
2026-06-27,Raw Material,ING012,1.2,kg,Spoilage,384.0
2026-06-27,Raw Material,ING007,1.42,kg,Spoilage,99.4
2026-06-27,Prepared Food,P021,3.0,pcs,Unsold,72.0
2026-06-27,Prepared Food,P020,6.0,pcs,Unsold,141.0
2026-06-27,Prepared Food,P014,3.0,portions,Leftover,48.0
2026-06-27,Prepared Food,P013,3.0,portions,Unsold,61.5
2026-06-27,Prepared Food,P018,3.0,portions,Unsold,63.0
2026-06-28,Raw Material,ING032,1.0,pkt,Spoilage,35.0
2026-06-28,Raw Material,ING030,2.0,pkt,Spoilage,70.0
2026-06-28,Raw Material,ING013,1.68,kg,Spoilage,100.8
2026-06-28,Prepared Food,P007,7.0,pcs,Unsold,64.4
2026-06-28,Prepared Food,P019,3.0,pcs,Unsold,48.0
2026-06-28,Prepared Food,P013,2.0,portions,Unsold,41.0
2026-06-28,Prepared Food,P018,8.0,portions,Unsold,168.0
2026-06-28,Prepared Food,P016,2.0,portions,Unsold,55.0
2026-06-29,Raw Material,ING006,0.39,kg,Spoilage,19.5
2026-06-29,Raw Material,ING003,1.08,kg,Spoilage,32.4
2026-06-29,Raw Material,ING031,2.0,pkt,Spoilage,60.0
2026-06-29,Prepared Food,P006,7.0,pcs,Leftover,56.7
2026-06-29,Prepared Food,P005,2.0,pcs,Leftover,12.4
2026-06-29,Prepared Food,P012,6.0,portions,Unsold,186.0
